{"Version":1,"ManifestType":"Publish","Endpoints":[{"Route":"Archuskha-Web.3nhxziyff0.css","AssetFile":"Archuskha-Web.css.br","Selectors":[{"Name":"Content-Encoding","Value":"br","Quality":"0.001007049345"}],"ResponseHeaders":[{"Name":"Cache-Control","Value":"max-age=31536000, immutable"},{"Name":"Content-Encoding","Value":"br"},{"Name":"Content-Length","Value":"992"},{"Name":"Content-Type","Value":"text/css"},{"Name":"ETag","Value":"\"/zJ6jdqCU8JKsJHVWoEUuhq3GrUFPJK2aFURrc4m74I=\""},{"Name":"Last-Modified","Value":"Fri, 27 Feb 2026 17:28:08 GMT"},{"Name":"Vary","Value":"Accept-Encoding"}],"EndpointProperties":[{"Name":"fingerprint","Value":"3nhxziyff0"},{"Name":"integrity","Value":"sha256-j0JNzQb4P9Qz/QB9Rh/Yx9Ngncb7OWOQ9pQN1QPvKIY="},{"Name":"label","Value":"Archuskha-Web.css"},{"Name":"original-resource","Value":"\"j0JNzQb4P9Qz/QB9Rh/Yx9Ngncb7OWOQ9pQN1QPvKIY=\""}]},{"Route":"Archuskha-Web.3nhxziyff0.css","AssetFile":"Archuskha-Web.css.gz","Selectors":[{"Name":"Content-Encoding","Value":"gzip","Quality":"0.000847457627"}],"ResponseHeaders":[{"Name":"Cache-Control","Value":"max-age=31536000, immutable"},{"Name":"Content-Encoding","Value":"gzip"},{"Name":"Content-Length","Value":"1179"},{"Name":"Content-Type","Value":"text/css"},{"Name":"ETag","Value":"\"eQPkzaGIDIgq3wCwmuClg6BPdTNmFBz7IfIepzYObXE=\""},{"Name":"Last-Modified","Value":"Fri, 27 Feb 2026 17:28:08 GMT"},{"Name":"Vary","Value":"Accept-Encoding"}],"EndpointProperties":[{"Name":"fingerprint","Value":"3nhxziyff0"},{"Name":"integrity","Value":"sha256-j0JNzQb4P9Qz/QB9Rh/Yx9Ngncb7OWOQ9pQN1QPvKIY="},{"Name":"label","Value":"Archuskha-Web.css"},{"Name":"original-resource","Value":"\"j0JNzQb4P9Qz/QB9Rh/Yx9Ngncb7OWOQ9pQN1QPvKIY=\""}]},{"Route":"Archuskha-Web.3nhxziyff0.css","AssetFile":"Archuskha-Web.css","Selectors":[],"ResponseHeaders":[{"Name":"Cache-Control","Value":"max-age=31536000, immutable"},{"Name":"Content-Length","Value":"3260"},{"Name":"Content-Type","Value":"text/css"},{"Name":"ETag","Value":"\"j0JNzQb4P9Qz/QB9Rh/Yx9Ngncb7OWOQ9pQN1QPvKIY=\""},{"Name":"Last-Modified","Value":"Fri, 27 Feb 2026 17:27:29 GMT"},{"Name":"Vary","Value":"Accept-Encoding"}],"EndpointProperties":[{"Name":"fingerprint","Value":"3nhxziyff0"},{"Name":"integrity","Value":"sha256-j0JNzQb4P9Qz/QB9Rh/Yx9Ngncb7OWOQ9pQN1QPvKIY="},{"Name":"label","Value":"Archuskha-Web.css"}]},{"Route":"Archuskha-Web.3nhxziyff0.css.br","AssetFile":"Archuskha-Web.css.br","Selectors":[],"ResponseHeaders":[{"Name":"Cache-Control","Value":"max-age=31536000, immutable"},{"Name":"Content-Encoding","Value":"br"},{"Name":"Content-Length","Value":"992"},{"Name":"Content-Type","Value":"text/css"},{"Name":"ETag","Value":"\"/zJ6jdqCU8JKsJHVWoEUuhq3GrUFPJK2aFURrc4m74I=\""},{"Name":"Last-Modified","Value":"Fri, 27 Feb 2026 17:28:08 GMT"},{"Name":"Vary","Value":"Accept-Encoding"}],"EndpointProperties":[{"Name":"fingerprint","Value":"3nhxziyff0"},{"Name":"integrity","Value":"sha256-/zJ6jdqCU8JKsJHVWoEUuhq3GrUFPJK2aFURrc4m74I="},{"Name":"label","Value":"Archuskha-Web.css.br"}]},{"Route":"Archuskha-Web.3nhxziyff0.css.gz","AssetFile":"Archuskha-Web.css.gz","Selectors":[],"ResponseHeaders":[{"Name":"Cache-Control","Value":"max-age=31536000, immutable"},{"Name":"Content-Encoding","Value":"gzip"},{"Name":"Content-Length","Value":"1179"},{"Name":"Content-Type","Value":"text/css"},{"Name":"ETag","Value":"\"eQPkzaGIDIgq3wCwmuClg6BPdTNmFBz7IfIepzYObXE=\""},{"Name":"Last-Modified","Value":"Fri, 27 Feb 2026 17:28:08 GMT"},{"Name":"Vary","Value":"Accept-Encoding"}],"EndpointProperties":[{"Name":"fingerprint","Value":"3nhxziyff0"},{"Name":"integrity","Value":"sha256-eQPkzaGIDIgq3wCwmuClg6BPdTNmFBz7IfIepzYObXE="},{"Name":"label","Value":"Archuskha-Web.css.gz"}]},{"Route":"Archuskha-Web.css","AssetFile":"Archuskha-Web.css.br","Selectors":[{"Name":"Content-Encoding","Value":"br","Quality":"0.001007049345"}],"ResponseHeaders":[{"Name":"Cache-Control","Value":"no-cache"},{"Name":"Content-Encoding","Value":"br"},{"Name":"Content-Length","Value":"992"},{"Name":"Content-Type","Value":"text/css"},{"Name":"ETag","Value":"\"/zJ6jdqCU8JKsJHVWoEUuhq3GrUFPJK2aFURrc4m74I=\""},{"Name":"Last-Modified","Value":"Fri, 27 Feb 2026 17:28:08 GMT"},{"Name":"Vary","Value":"Accept-Encoding"}],"EndpointProperties":[{"Name":"integrity","Value":"sha256-j0JNzQb4P9Qz/QB9Rh/Yx9Ngncb7OWOQ9pQN1QPvKIY="},{"Name":"original-resource","Value":"\"j0JNzQb4P9Qz/QB9Rh/Yx9Ngncb7OWOQ9pQN1QPvKIY=\""}]},{"Route":"Archuskha-Web.css","AssetFile":"Archuskha-Web.css.gz","Selectors":[{"Name":"Content-Encoding","Value":"gzip","Quality":"0.000847457627"}],"ResponseHeaders":[{"Name":"Cache-Control","Value":"no-cache"},{"Name":"Content-Encoding","Value":"gzip"},{"Name":"Content-Length","Value":"1179"},{"Name":"Content-Type","Value":"text/css"},{"Name":"ETag","Value":"\"eQPkzaGIDIgq3wCwmuClg6BPdTNmFBz7IfIepzYObXE=\""},{"Name":"Last-Modified","Value":"Fri, 27 Feb 2026 17:28:08 GMT"},{"Name":"Vary","Value":"Accept-Encoding"}],"EndpointProperties":[{"Name":"integrity","Value":"sha256-j0JNzQb4P9Qz/QB9Rh/Yx9Ngncb7OWOQ9pQN1QPvKIY="},{"Name":"original-resource","Value":"\"j0JNzQb4P9Qz/QB9Rh/Yx9Ngncb7OWOQ9pQN1QPvKIY=\""}]},{"Route":"Archuskha-Web.css","AssetFile":"Archuskha-Web.css","Selectors":[],"ResponseHeaders":[{"Name":"Cache-Control","Value":"no-cache"},{"Name":"Content-Length","Value":"3260"},{"Name":"Content-Type","Value":"text/css"},{"Name":"ETag","Value":"\"j0JNzQb4P9Qz/QB9Rh/Yx9Ngncb7OWOQ9pQN1QPvKIY=\""},{"Name":"Last-Modified","Value":"Fri, 27 Feb 2026 17:27:29 GMT"},{"Name":"Vary","Value":"Accept-Encoding"}],"EndpointProperties":[{"Name":"integrity","Value":"sha256-j0JNzQb4P9Qz/QB9Rh/Yx9Ngncb7OWOQ9pQN1QPvKIY="}]},{"Route":"Archuskha-Web.css.br","AssetFile":"Archuskha-Web.css.br","Selectors":[],"ResponseHeaders":[{"Name":"Cache-Control","Value":"no-cache"},{"Name":"Content-Encoding","Value":"br"},{"Name":"Content-Length","Value":"992"},{"Name":"Content-Type","Value":"text/css"},{"Name":"ETag","Value":"\"/zJ6jdqCU8JKsJHVWoEUuhq3GrUFPJK2aFURrc4m74I=\""},{"Name":"Last-Modified","Value":"Fri, 27 Feb 2026 17:28:08 GMT"},{"Name":"Vary","Value":"Accept-Encoding"}],"EndpointProperties":[{"Name":"integrity","Value":"sha256-/zJ6jdqCU8JKsJHVWoEUuhq3GrUFPJK2aFURrc4m74I="}]},{"Route":"Archuskha-Web.css.gz","AssetFile":"Archuskha-Web.css.gz","Selectors":[],"ResponseHeaders":[{"Name":"Cache-Control","Value":"no-cache"},{"Name":"Content-Encoding","Value":"gzip"},{"Name":"Content-Length","Value":"1179"},{"Name":"Content-Type","Value":"text/css"},{"Name":"ETag","Value":"\"eQPkzaGIDIgq3wCwmuClg6BPdTNmFBz7IfIepzYObXE=\""},{"Name":"Last-Modified","Value":"Fri, 27 Feb 2026 17:28:08 GMT"},{"Name":"Vary","Value":"Accept-Encoding"}],"EndpointProperties":[{"Name":"integrity","Value":"sha256-eQPkzaGIDIgq3wCwmuClg6BPdTNmFBz7IfIepzYObXE="}]},{"Route":"Archuskha-Web.ed55l8kz60.html","AssetFile":"Archuskha-Web.html.gz","Selectors":[{"Name":"Content-Encoding","Value":"gzip","Quality":"0.000551876380"}],"ResponseHeaders":[{"Name":"Cache-Control","Value":"max-age=31536000, immutable"},{"Name":"Content-Encoding","Value":"gzip"},{"Name":"Content-Length","Value":"1811"},{"Name":"Content-Type","Value":"text/html"},{"Name":"ETag","Value":"\"frMZUUfRHR9wXWKB/d0xp8IRixvcz8RTUm8ga/jD2yw=\""},{"Name":"Last-Modified","Value":"Sat, 28 Feb 2026 02:07:37 GMT"},{"Name":"Vary","Value":"Accept-Encoding"}],"EndpointProperties":[{"Name":"fingerprint","Value":"ed55l8kz60"},{"Name":"integrity","Value":"sha256-cv8Yq/z+1q0ztYoJpYH1zLYKLhZtUp8EZXZZqXW2wi0="},{"Name":"label","Value":"Archuskha-Web.html"},{"Name":"original-resource","Value":"\"cv8Yq/z+1q0ztYoJpYH1zLYKLhZtUp8EZXZZqXW2wi0=\""}]},{"Route":"Archuskha-Web.ed55l8kz60.html","AssetFile":"Archuskha-Web.html.br","Selectors":[{"Name":"Content-Encoding","Value":"br","Quality":"0.000683526999"}],"ResponseHeaders":[{"Name":"Cache-Control","Value":"max-age=31536000, immutable"},{"Name":"Content-Encoding","Value":"br"},{"Name":"Content-Length","Value":"1462"},{"Name":"Content-Type","Value":"text/html"},{"Name":"ETag","Value":"\"pEv2A814E1KzNpIfpCut78Xp66ULa4svj/qtgRo0Kfc=\""},{"Name":"Last-Modified","Value":"Sat, 28 Feb 2026 02:07:38 GMT"},{"Name":"Vary","Value":"Accept-Encoding"}],"EndpointProperties":[{"Name":"fingerprint","Value":"ed55l8kz60"},{"Name":"integrity","Value":"sha256-cv8Yq/z+1q0ztYoJpYH1zLYKLhZtUp8EZXZZqXW2wi0="},{"Name":"label","Value":"Archuskha-Web.html"},{"Name":"original-resource","Value":"\"cv8Yq/z+1q0ztYoJpYH1zLYKLhZtUp8EZXZZqXW2wi0=\""}]},{"Route":"Archuskha-Web.ed55l8kz60.html","AssetFile":"Archuskha-Web.html","Selectors":[],"ResponseHeaders":[{"Name":"Cache-Control","Value":"max-age=31536000, immutable"},{"Name":"Content-Length","Value":"6199"},{"Name":"Content-Type","Value":"text/html"},{"Name":"ETag","Value":"\"cv8Yq/z+1q0ztYoJpYH1zLYKLhZtUp8EZXZZqXW2wi0=\""},{"Name":"Last-Modified","Value":"Sat, 28 Feb 2026 02:06:54 GMT"},{"Name":"Vary","Value":"Accept-Encoding"}],"EndpointProperties":[{"Name":"fingerprint","Value":"ed55l8kz60"},{"Name":"integrity","Value":"sha256-cv8Yq/z+1q0ztYoJpYH1zLYKLhZtUp8EZXZZqXW2wi0="},{"Name":"label","Value":"Archuskha-Web.html"}]},{"Route":"Archuskha-Web.ed55l8kz60.html.br","AssetFile":"Archuskha-Web.html.br","Selectors":[],"ResponseHeaders":[{"Name":"Cache-Control","Value":"max-age=31536000, immutable"},{"Name":"Content-Encoding","Value":"br"},{"Name":"Content-Length","Value":"1462"},{"Name":"Content-Type","Value":"text/html"},{"Name":"ETag","Value":"\"pEv2A814E1KzNpIfpCut78Xp66ULa4svj/qtgRo0Kfc=\""},{"Name":"Last-Modified","Value":"Sat, 28 Feb 2026 02:07:38 GMT"},{"Name":"Vary","Value":"Accept-Encoding"}],"EndpointProperties":[{"Name":"fingerprint","Value":"ed55l8kz60"},{"Name":"integrity","Value":"sha256-pEv2A814E1KzNpIfpCut78Xp66ULa4svj/qtgRo0Kfc="},{"Name":"label","Value":"Archuskha-Web.html.br"}]},{"Route":"Archuskha-Web.ed55l8kz60.html.gz","AssetFile":"Archuskha-Web.html.gz","Selectors":[],"ResponseHeaders":[{"Name":"Cache-Control","Value":"max-age=31536000, immutable"},{"Name":"Content-Encoding","Value":"gzip"},{"Name":"Content-Length","Value":"1811"},{"Name":"Content-Type","Value":"text/html"},{"Name":"ETag","Value":"\"frMZUUfRHR9wXWKB/d0xp8IRixvcz8RTUm8ga/jD2yw=\""},{"Name":"Last-Modified","Value":"Sat, 28 Feb 2026 02:07:37 GMT"},{"Name":"Vary","Value":"Accept-Encoding"}],"EndpointProperties":[{"Name":"fingerprint","Value":"ed55l8kz60"},{"Name":"integrity","Value":"sha256-frMZUUfRHR9wXWKB/d0xp8IRixvcz8RTUm8ga/jD2yw="},{"Name":"label","Value":"Archuskha-Web.html.gz"}]},{"Route":"Archuskha-Web.html","AssetFile":"Archuskha-Web.html.gz","Selectors":[{"Name":"Content-Encoding","Value":"gzip","Quality":"0.000551876380"}],"ResponseHeaders":[{"Name":"Cache-Control","Value":"no-cache"},{"Name":"Content-Encoding","Value":"gzip"},{"Name":"Content-Length","Value":"1811"},{"Name":"Content-Type","Value":"text/html"},{"Name":"ETag","Value":"\"frMZUUfRHR9wXWKB/d0xp8IRixvcz8RTUm8ga/jD2yw=\""},{"Name":"Last-Modified","Value":"Sat, 28 Feb 2026 02:07:37 GMT"},{"Name":"Vary","Value":"Accept-Encoding"}],"EndpointProperties":[{"Name":"integrity","Value":"sha256-cv8Yq/z+1q0ztYoJpYH1zLYKLhZtUp8EZXZZqXW2wi0="},{"Name":"original-resource","Value":"\"cv8Yq/z+1q0ztYoJpYH1zLYKLhZtUp8EZXZZqXW2wi0=\""}]},{"Route":"Archuskha-Web.html","AssetFile":"Archuskha-Web.html.br","Selectors":[{"Name":"Content-Encoding","Value":"br","Quality":"0.000683526999"}],"ResponseHeaders":[{"Name":"Cache-Control","Value":"no-cache"},{"Name":"Content-Encoding","Value":"br"},{"Name":"Content-Length","Value":"1462"},{"Name":"Content-Type","Value":"text/html"},{"Name":"ETag","Value":"\"pEv2A814E1KzNpIfpCut78Xp66ULa4svj/qtgRo0Kfc=\""},{"Name":"Last-Modified","Value":"Sat, 28 Feb 2026 02:07:38 GMT"},{"Name":"Vary","Value":"Accept-Encoding"}],"EndpointProperties":[{"Name":"integrity","Value":"sha256-cv8Yq/z+1q0ztYoJpYH1zLYKLhZtUp8EZXZZqXW2wi0="},{"Name":"original-resource","Value":"\"cv8Yq/z+1q0ztYoJpYH1zLYKLhZtUp8EZXZZqXW2wi0=\""}]},{"Route":"Archuskha-Web.html","AssetFile":"Archuskha-Web.html","Selectors":[],"ResponseHeaders":[{"Name":"Cache-Control","Value":"no-cache"},{"Name":"Content-Length","Value":"6199"},{"Name":"Content-Type","Value":"text/html"},{"Name":"ETag","Value":"\"cv8Yq/z+1q0ztYoJpYH1zLYKLhZtUp8EZXZZqXW2wi0=\""},{"Name":"Last-Modified","Value":"Sat, 28 Feb 2026 02:06:54 GMT"},{"Name":"Vary","Value":"Accept-Encoding"}],"EndpointProperties":[{"Name":"integrity","Value":"sha256-cv8Yq/z+1q0ztYoJpYH1zLYKLhZtUp8EZXZZqXW2wi0="}]},{"Route":"Archuskha-Web.html.br","AssetFile":"Archuskha-Web.html.br","Selectors":[],"ResponseHeaders":[{"Name":"Cache-Control","Value":"no-cache"},{"Name":"Content-Encoding","Value":"br"},{"Name":"Content-Length","Value":"1462"},{"Name":"Content-Type","Value":"text/html"},{"Name":"ETag","Value":"\"pEv2A814E1KzNpIfpCut78Xp66ULa4svj/qtgRo0Kfc=\""},{"Name":"Last-Modified","Value":"Sat, 28 Feb 2026 02:07:38 GMT"},{"Name":"Vary","Value":"Accept-Encoding"}],"EndpointProperties":[{"Name":"integrity","Value":"sha256-pEv2A814E1KzNpIfpCut78Xp66ULa4svj/qtgRo0Kfc="}]},{"Route":"Archuskha-Web.html.gz","AssetFile":"Archuskha-Web.html.gz","Selectors":[],"ResponseHeaders":[{"Name":"Cache-Control","Value":"no-cache"},{"Name":"Content-Encoding","Value":"gzip"},{"Name":"Content-Length","Value":"1811"},{"Name":"Content-Type","Value":"text/html"},{"Name":"ETag","Value":"\"frMZUUfRHR9wXWKB/d0xp8IRixvcz8RTUm8ga/jD2yw=\""},{"Name":"Last-Modified","Value":"Sat, 28 Feb 2026 02:07:37 GMT"},{"Name":"Vary","Value":"Accept-Encoding"}],"EndpointProperties":[{"Name":"integrity","Value":"sha256-frMZUUfRHR9wXWKB/d0xp8IRixvcz8RTUm8ga/jD2yw="}]},{"Route":"Archuskha-Web.js","AssetFile":"Archuskha-Web.js.gz","Selectors":[{"Name":"Content-Encoding","Value":"gzip","Quality":"0.000597371565"}],"ResponseHeaders":[{"Name":"Cache-Control","Value":"no-cache"},{"Name":"Content-Encoding","Value":"gzip"},{"Name":"Content-Length","Value":"1673"},{"Name":"Content-Type","Value":"text/javascript"},{"Name":"ETag","Value":"\"yD3lRietvfaTGt7xG92NBood47JZVC2Tg5VkBCmtjnw=\""},{"Name":"Last-Modified","Value":"Sat, 28 Feb 2026 02:07:37 GMT"},{"Name":"Vary","Value":"Accept-Encoding"}],"EndpointProperties":[{"Name":"integrity","Value":"sha256-entUon6haRQv7mtzPcDaCCq45EG7s5pG5g5/J+1YtIU="},{"Name":"original-resource","Value":"\"entUon6haRQv7mtzPcDaCCq45EG7s5pG5g5/J+1YtIU=\""}]},{"Route":"Archuskha-Web.js","AssetFile":"Archuskha-Web.js.br","Selectors":[{"Name":"Content-Encoding","Value":"br","Quality":"0.000683994528"}],"ResponseHeaders":[{"Name":"Cache-Control","Value":"no-cache"},{"Name":"Content-Encoding","Value":"br"},{"Name":"Content-Length","Value":"1461"},{"Name":"Content-Type","Value":"text/javascript"},{"Name":"ETag","Value":"\"ogkz9XoZy9oV6OI5Uwq5upDeBkgfPLCgKshmvFTNm20=\""},{"Name":"Last-Modified","Value":"Sat, 28 Feb 2026 02:07:38 GMT"},{"Name":"Vary","Value":"Accept-Encoding"}],"EndpointProperties":[{"Name":"integrity","Value":"sha256-entUon6haRQv7mtzPcDaCCq45EG7s5pG5g5/J+1YtIU="},{"Name":"original-resource","Value":"\"entUon6haRQv7mtzPcDaCCq45EG7s5pG5g5/J+1YtIU=\""}]},{"Route":"Archuskha-Web.js","AssetFile":"Archuskha-Web.js","Selectors":[],"ResponseHeaders":[{"Name":"Cache-Control","Value":"no-cache"},{"Name":"Content-Length","Value":"6509"},{"Name":"Content-Type","Value":"text/javascript"},{"Name":"ETag","Value":"\"entUon6haRQv7mtzPcDaCCq45EG7s5pG5g5/J+1YtIU=\""},{"Name":"Last-Modified","Value":"Sat, 28 Feb 2026 01:58:55 GMT"},{"Name":"Vary","Value":"Accept-Encoding"}],"EndpointProperties":[{"Name":"integrity","Value":"sha256-entUon6haRQv7mtzPcDaCCq45EG7s5pG5g5/J+1YtIU="}]},{"Route":"Archuskha-Web.js.br","AssetFile":"Archuskha-Web.js.br","Selectors":[],"ResponseHeaders":[{"Name":"Cache-Control","Value":"no-cache"},{"Name":"Content-Encoding","Value":"br"},{"Name":"Content-Length","Value":"1461"},{"Name":"Content-Type","Value":"text/javascript"},{"Name":"ETag","Value":"\"ogkz9XoZy9oV6OI5Uwq5upDeBkgfPLCgKshmvFTNm20=\""},{"Name":"Last-Modified","Value":"Sat, 28 Feb 2026 02:07:38 GMT"},{"Name":"Vary","Value":"Accept-Encoding"}],"EndpointProperties":[{"Name":"integrity","Value":"sha256-ogkz9XoZy9oV6OI5Uwq5upDeBkgfPLCgKshmvFTNm20="}]},{"Route":"Archuskha-Web.js.gz","AssetFile":"Archuskha-Web.js.gz","Selectors":[],"ResponseHeaders":[{"Name":"Cache-Control","Value":"no-cache"},{"Name":"Content-Encoding","Value":"gzip"},{"Name":"Content-Length","Value":"1673"},{"Name":"Content-Type","Value":"text/javascript"},{"Name":"ETag","Value":"\"yD3lRietvfaTGt7xG92NBood47JZVC2Tg5VkBCmtjnw=\""},{"Name":"Last-Modified","Value":"Sat, 28 Feb 2026 02:07:37 GMT"},{"Name":"Vary","Value":"Accept-Encoding"}],"EndpointProperties":[{"Name":"integrity","Value":"sha256-yD3lRietvfaTGt7xG92NBood47JZVC2Tg5VkBCmtjnw="}]},{"Route":"Archuskha-Web.qcvrwlxc9m.js","AssetFile":"Archuskha-Web.js.gz","Selectors":[{"Name":"Content-Encoding","Value":"gzip","Quality":"0.000597371565"}],"ResponseHeaders":[{"Name":"Cache-Control","Value":"max-age=31536000, immutable"},{"Name":"Content-Encoding","Value":"gzip"},{"Name":"Content-Length","Value":"1673"},{"Name":"Content-Type","Value":"text/javascript"},{"Name":"ETag","Value":"\"yD3lRietvfaTGt7xG92NBood47JZVC2Tg5VkBCmtjnw=\""},{"Name":"Last-Modified","Value":"Sat, 28 Feb 2026 02:07:37 GMT"},{"Name":"Vary","Value":"Accept-Encoding"}],"EndpointProperties":[{"Name":"fingerprint","Value":"qcvrwlxc9m"},{"Name":"integrity","Value":"sha256-entUon6haRQv7mtzPcDaCCq45EG7s5pG5g5/J+1YtIU="},{"Name":"label","Value":"Archuskha-Web.js"},{"Name":"original-resource","Value":"\"entUon6haRQv7mtzPcDaCCq45EG7s5pG5g5/J+1YtIU=\""}]},{"Route":"Archuskha-Web.qcvrwlxc9m.js","AssetFile":"Archuskha-Web.js.br","Selectors":[{"Name":"Content-Encoding","Value":"br","Quality":"0.000683994528"}],"ResponseHeaders":[{"Name":"Cache-Control","Value":"max-age=31536000, immutable"},{"Name":"Content-Encoding","Value":"br"},{"Name":"Content-Length","Value":"1461"},{"Name":"Content-Type","Value":"text/javascript"},{"Name":"ETag","Value":"\"ogkz9XoZy9oV6OI5Uwq5upDeBkgfPLCgKshmvFTNm20=\""},{"Name":"Last-Modified","Value":"Sat, 28 Feb 2026 02:07:38 GMT"},{"Name":"Vary","Value":"Accept-Encoding"}],"EndpointProperties":[{"Name":"fingerprint","Value":"qcvrwlxc9m"},{"Name":"integrity","Value":"sha256-entUon6haRQv7mtzPcDaCCq45EG7s5pG5g5/J+1YtIU="},{"Name":"label","Value":"Archuskha-Web.js"},{"Name":"original-resource","Value":"\"entUon6haRQv7mtzPcDaCCq45EG7s5pG5g5/J+1YtIU=\""}]},{"Route":"Archuskha-Web.qcvrwlxc9m.js","AssetFile":"Archuskha-Web.js","Selectors":[],"ResponseHeaders":[{"Name":"Cache-Control","Value":"max-age=31536000, immutable"},{"Name":"Content-Length","Value":"6509"},{"Name":"Content-Type","Value":"text/javascript"},{"Name":"ETag","Value":"\"entUon6haRQv7mtzPcDaCCq45EG7s5pG5g5/J+1YtIU=\""},{"Name":"Last-Modified","Value":"Sat, 28 Feb 2026 01:58:55 GMT"},{"Name":"Vary","Value":"Accept-Encoding"}],"EndpointProperties":[{"Name":"fingerprint","Value":"qcvrwlxc9m"},{"Name":"integrity","Value":"sha256-entUon6haRQv7mtzPcDaCCq45EG7s5pG5g5/J+1YtIU="},{"Name":"label","Value":"Archuskha-Web.js"}]},{"Route":"Archuskha-Web.qcvrwlxc9m.js.br","AssetFile":"Archuskha-Web.js.br","Selectors":[],"ResponseHeaders":[{"Name":"Cache-Control","Value":"max-age=31536000, immutable"},{"Name":"Content-Encoding","Value":"br"},{"Name":"Content-Length","Value":"1461"},{"Name":"Content-Type","Value":"text/javascript"},{"Name":"ETag","Value":"\"ogkz9XoZy9oV6OI5Uwq5upDeBkgfPLCgKshmvFTNm20=\""},{"Name":"Last-Modified","Value":"Sat, 28 Feb 2026 02:07:38 GMT"},{"Name":"Vary","Value":"Accept-Encoding"}],"EndpointProperties":[{"Name":"fingerprint","Value":"qcvrwlxc9m"},{"Name":"integrity","Value":"sha256-ogkz9XoZy9oV6OI5Uwq5upDeBkgfPLCgKshmvFTNm20="},{"Name":"label","Value":"Archuskha-Web.js.br"}]},{"Route":"Archuskha-Web.qcvrwlxc9m.js.gz","AssetFile":"Archuskha-Web.js.gz","Selectors":[],"ResponseHeaders":[{"Name":"Cache-Control","Value":"max-age=31536000, immutable"},{"Name":"Content-Encoding","Value":"gzip"},{"Name":"Content-Length","Value":"1673"},{"Name":"Content-Type","Value":"text/javascript"},{"Name":"ETag","Value":"\"yD3lRietvfaTGt7xG92NBood47JZVC2Tg5VkBCmtjnw=\""},{"Name":"Last-Modified","Value":"Sat, 28 Feb 2026 02:07:37 GMT"},{"Name":"Vary","Value":"Accept-Encoding"}],"EndpointProperties":[{"Name":"fingerprint","Value":"qcvrwlxc9m"},{"Name":"integrity","Value":"sha256-yD3lRietvfaTGt7xG92NBood47JZVC2Tg5VkBCmtjnw="},{"Name":"label","Value":"Archuskha-Web.js.gz"}]}]}