{"Version":1,"ManifestType":"Publish","Endpoints":[{"Route":"Archuskha-Web.24x0oddat8.html","AssetFile":"Archuskha-Web.html.gz","Selectors":[{"Name":"Content-Encoding","Value":"gzip","Quality":"0.000504540868"}],"ResponseHeaders":[{"Name":"Cache-Control","Value":"max-age=31536000, immutable"},{"Name":"Content-Encoding","Value":"gzip"},{"Name":"Content-Length","Value":"1981"},{"Name":"Content-Type","Value":"text/html"},{"Name":"ETag","Value":"\"IiJszYwpbi3x5I/yMbJdjKw6p4/d0mP0So+DvxnYSyk=\""},{"Name":"Last-Modified","Value":"Sat, 28 Feb 2026 03:55:03 GMT"},{"Name":"Vary","Value":"Accept-Encoding"}],"EndpointProperties":[{"Name":"fingerprint","Value":"24x0oddat8"},{"Name":"integrity","Value":"sha256-omOREcSbwmgWln4s3xFYle3ZRNwHGgMW5tzyQQCcuUg="},{"Name":"label","Value":"Archuskha-Web.html"},{"Name":"original-resource","Value":"\"omOREcSbwmgWln4s3xFYle3ZRNwHGgMW5tzyQQCcuUg=\""}]},{"Route":"Archuskha-Web.24x0oddat8.html","AssetFile":"Archuskha-Web.html.br","Selectors":[{"Name":"Content-Encoding","Value":"br","Quality":"0.000621118012"}],"ResponseHeaders":[{"Name":"Cache-Control","Value":"max-age=31536000, immutable"},{"Name":"Content-Encoding","Value":"br"},{"Name":"Content-Length","Value":"1609"},{"Name":"Content-Type","Value":"text/html"},{"Name":"ETag","Value":"\"TJZfhH7ekg57rLappSjQr9wMDHOawRo3OUHOR9CzLgc=\""},{"Name":"Last-Modified","Value":"Sat, 28 Feb 2026 03:55:04 GMT"},{"Name":"Vary","Value":"Accept-Encoding"}],"EndpointProperties":[{"Name":"fingerprint","Value":"24x0oddat8"},{"Name":"integrity","Value":"sha256-omOREcSbwmgWln4s3xFYle3ZRNwHGgMW5tzyQQCcuUg="},{"Name":"label","Value":"Archuskha-Web.html"},{"Name":"original-resource","Value":"\"omOREcSbwmgWln4s3xFYle3ZRNwHGgMW5tzyQQCcuUg=\""}]},{"Route":"Archuskha-Web.24x0oddat8.html","AssetFile":"Archuskha-Web.html","Selectors":[],"ResponseHeaders":[{"Name":"Cache-Control","Value":"max-age=31536000, immutable"},{"Name":"Content-Length","Value":"6905"},{"Name":"Content-Type","Value":"text/html"},{"Name":"ETag","Value":"\"omOREcSbwmgWln4s3xFYle3ZRNwHGgMW5tzyQQCcuUg=\""},{"Name":"Last-Modified","Value":"Sat, 28 Feb 2026 03:50:09 GMT"},{"Name":"Vary","Value":"Accept-Encoding"}],"EndpointProperties":[{"Name":"fingerprint","Value":"24x0oddat8"},{"Name":"integrity","Value":"sha256-omOREcSbwmgWln4s3xFYle3ZRNwHGgMW5tzyQQCcuUg="},{"Name":"label","Value":"Archuskha-Web.html"}]},{"Route":"Archuskha-Web.24x0oddat8.html.br","AssetFile":"Archuskha-Web.html.br","Selectors":[],"ResponseHeaders":[{"Name":"Cache-Control","Value":"max-age=31536000, immutable"},{"Name":"Content-Encoding","Value":"br"},{"Name":"Content-Length","Value":"1609"},{"Name":"Content-Type","Value":"text/html"},{"Name":"ETag","Value":"\"TJZfhH7ekg57rLappSjQr9wMDHOawRo3OUHOR9CzLgc=\""},{"Name":"Last-Modified","Value":"Sat, 28 Feb 2026 03:55:04 GMT"},{"Name":"Vary","Value":"Accept-Encoding"}],"EndpointProperties":[{"Name":"fingerprint","Value":"24x0oddat8"},{"Name":"integrity","Value":"sha256-TJZfhH7ekg57rLappSjQr9wMDHOawRo3OUHOR9CzLgc="},{"Name":"label","Value":"Archuskha-Web.html.br"}]},{"Route":"Archuskha-Web.24x0oddat8.html.gz","AssetFile":"Archuskha-Web.html.gz","Selectors":[],"ResponseHeaders":[{"Name":"Cache-Control","Value":"max-age=31536000, immutable"},{"Name":"Content-Encoding","Value":"gzip"},{"Name":"Content-Length","Value":"1981"},{"Name":"Content-Type","Value":"text/html"},{"Name":"ETag","Value":"\"IiJszYwpbi3x5I/yMbJdjKw6p4/d0mP0So+DvxnYSyk=\""},{"Name":"Last-Modified","Value":"Sat, 28 Feb 2026 03:55:03 GMT"},{"Name":"Vary","Value":"Accept-Encoding"}],"EndpointProperties":[{"Name":"fingerprint","Value":"24x0oddat8"},{"Name":"integrity","Value":"sha256-IiJszYwpbi3x5I/yMbJdjKw6p4/d0mP0So+DvxnYSyk="},{"Name":"label","Value":"Archuskha-Web.html.gz"}]},{"Route":"Archuskha-Web.3nhxziyff0.css","AssetFile":"Archuskha-Web.css.br","Selectors":[{"Name":"Content-Encoding","Value":"br","Quality":"0.001007049345"}],"ResponseHeaders":[{"Name":"Cache-Control","Value":"max-age=31536000, immutable"},{"Name":"Content-Encoding","Value":"br"},{"Name":"Content-Length","Value":"992"},{"Name":"Content-Type","Value":"text/css"},{"Name":"ETag","Value":"\"/zJ6jdqCU8JKsJHVWoEUuhq3GrUFPJK2aFURrc4m74I=\""},{"Name":"Last-Modified","Value":"Fri, 27 Feb 2026 17:28:08 GMT"},{"Name":"Vary","Value":"Accept-Encoding"}],"EndpointProperties":[{"Name":"fingerprint","Value":"3nhxziyff0"},{"Name":"integrity","Value":"sha256-j0JNzQb4P9Qz/QB9Rh/Yx9Ngncb7OWOQ9pQN1QPvKIY="},{"Name":"label","Value":"Archuskha-Web.css"},{"Name":"original-resource","Value":"\"j0JNzQb4P9Qz/QB9Rh/Yx9Ngncb7OWOQ9pQN1QPvKIY=\""}]},{"Route":"Archuskha-Web.3nhxziyff0.css","AssetFile":"Archuskha-Web.css.gz","Selectors":[{"Name":"Content-Encoding","Value":"gzip","Quality":"0.000847457627"}],"ResponseHeaders":[{"Name":"Cache-Control","Value":"max-age=31536000, immutable"},{"Name":"Content-Encoding","Value":"gzip"},{"Name":"Content-Length","Value":"1179"},{"Name":"Content-Type","Value":"text/css"},{"Name":"ETag","Value":"\"eQPkzaGIDIgq3wCwmuClg6BPdTNmFBz7IfIepzYObXE=\""},{"Name":"Last-Modified","Value":"Fri, 27 Feb 2026 17:28:08 GMT"},{"Name":"Vary","Value":"Accept-Encoding"}],"EndpointProperties":[{"Name":"fingerprint","Value":"3nhxziyff0"},{"Name":"integrity","Value":"sha256-j0JNzQb4P9Qz/QB9Rh/Yx9Ngncb7OWOQ9pQN1QPvKIY="},{"Name":"label","Value":"Archuskha-Web.css"},{"Name":"original-resource","Value":"\"j0JNzQb4P9Qz/QB9Rh/Yx9Ngncb7OWOQ9pQN1QPvKIY=\""}]},{"Route":"Archuskha-Web.3nhxziyff0.css","AssetFile":"Archuskha-Web.css","Selectors":[],"ResponseHeaders":[{"Name":"Cache-Control","Value":"max-age=31536000, immutable"},{"Name":"Content-Length","Value":"3260"},{"Name":"Content-Type","Value":"text/css"},{"Name":"ETag","Value":"\"j0JNzQb4P9Qz/QB9Rh/Yx9Ngncb7OWOQ9pQN1QPvKIY=\""},{"Name":"Last-Modified","Value":"Fri, 27 Feb 2026 17:27:29 GMT"},{"Name":"Vary","Value":"Accept-Encoding"}],"EndpointProperties":[{"Name":"fingerprint","Value":"3nhxziyff0"},{"Name":"integrity","Value":"sha256-j0JNzQb4P9Qz/QB9Rh/Yx9Ngncb7OWOQ9pQN1QPvKIY="},{"Name":"label","Value":"Archuskha-Web.css"}]},{"Route":"Archuskha-Web.3nhxziyff0.css.br","AssetFile":"Archuskha-Web.css.br","Selectors":[],"ResponseHeaders":[{"Name":"Cache-Control","Value":"max-age=31536000, immutable"},{"Name":"Content-Encoding","Value":"br"},{"Name":"Content-Length","Value":"992"},{"Name":"Content-Type","Value":"text/css"},{"Name":"ETag","Value":"\"/zJ6jdqCU8JKsJHVWoEUuhq3GrUFPJK2aFURrc4m74I=\""},{"Name":"Last-Modified","Value":"Fri, 27 Feb 2026 17:28:08 GMT"},{"Name":"Vary","Value":"Accept-Encoding"}],"EndpointProperties":[{"Name":"fingerprint","Value":"3nhxziyff0"},{"Name":"integrity","Value":"sha256-/zJ6jdqCU8JKsJHVWoEUuhq3GrUFPJK2aFURrc4m74I="},{"Name":"label","Value":"Archuskha-Web.css.br"}]},{"Route":"Archuskha-Web.3nhxziyff0.css.gz","AssetFile":"Archuskha-Web.css.gz","Selectors":[],"ResponseHeaders":[{"Name":"Cache-Control","Value":"max-age=31536000, immutable"},{"Name":"Content-Encoding","Value":"gzip"},{"Name":"Content-Length","Value":"1179"},{"Name":"Content-Type","Value":"text/css"},{"Name":"ETag","Value":"\"eQPkzaGIDIgq3wCwmuClg6BPdTNmFBz7IfIepzYObXE=\""},{"Name":"Last-Modified","Value":"Fri, 27 Feb 2026 17:28:08 GMT"},{"Name":"Vary","Value":"Accept-Encoding"}],"EndpointProperties":[{"Name":"fingerprint","Value":"3nhxziyff0"},{"Name":"integrity","Value":"sha256-eQPkzaGIDIgq3wCwmuClg6BPdTNmFBz7IfIepzYObXE="},{"Name":"label","Value":"Archuskha-Web.css.gz"}]},{"Route":"Archuskha-Web.50yrosn3yp.js","AssetFile":"Archuskha-Web.js.gz","Selectors":[{"Name":"Content-Encoding","Value":"gzip","Quality":"0.000478011472"}],"ResponseHeaders":[{"Name":"Cache-Control","Value":"max-age=31536000, immutable"},{"Name":"Content-Encoding","Value":"gzip"},{"Name":"Content-Length","Value":"2091"},{"Name":"Content-Type","Value":"text/javascript"},{"Name":"ETag","Value":"\"o4BLw0iTSTSLqpJSrDksp8zRPYY/jdMtW62CdBiKutA=\""},{"Name":"Last-Modified","Value":"Sat, 28 Feb 2026 03:35:50 GMT"},{"Name":"Vary","Value":"Accept-Encoding"}],"EndpointProperties":[{"Name":"fingerprint","Value":"50yrosn3yp"},{"Name":"integrity","Value":"sha256-G+Nv9IWEyTGujWL5rsfRWVMa1v4KU4fb5lCqkXYXlvw="},{"Name":"label","Value":"Archuskha-Web.js"},{"Name":"original-resource","Value":"\"G+Nv9IWEyTGujWL5rsfRWVMa1v4KU4fb5lCqkXYXlvw=\""}]},{"Route":"Archuskha-Web.50yrosn3yp.js","AssetFile":"Archuskha-Web.js.br","Selectors":[{"Name":"Content-Encoding","Value":"br","Quality":"0.000551267916"}],"ResponseHeaders":[{"Name":"Cache-Control","Value":"max-age=31536000, immutable"},{"Name":"Content-Encoding","Value":"br"},{"Name":"Content-Length","Value":"1813"},{"Name":"Content-Type","Value":"text/javascript"},{"Name":"ETag","Value":"\"ppRqBXLpijcJPyPxl1FwXcrFDdaCLN8x5a3vxrm/XEg=\""},{"Name":"Last-Modified","Value":"Sat, 28 Feb 2026 03:35:51 GMT"},{"Name":"Vary","Value":"Accept-Encoding"}],"EndpointProperties":[{"Name":"fingerprint","Value":"50yrosn3yp"},{"Name":"integrity","Value":"sha256-G+Nv9IWEyTGujWL5rsfRWVMa1v4KU4fb5lCqkXYXlvw="},{"Name":"label","Value":"Archuskha-Web.js"},{"Name":"original-resource","Value":"\"G+Nv9IWEyTGujWL5rsfRWVMa1v4KU4fb5lCqkXYXlvw=\""}]},{"Route":"Archuskha-Web.50yrosn3yp.js","AssetFile":"Archuskha-Web.js","Selectors":[],"ResponseHeaders":[{"Name":"Cache-Control","Value":"max-age=31536000, immutable"},{"Name":"Content-Length","Value":"8991"},{"Name":"Content-Type","Value":"text/javascript"},{"Name":"ETag","Value":"\"G+Nv9IWEyTGujWL5rsfRWVMa1v4KU4fb5lCqkXYXlvw=\""},{"Name":"Last-Modified","Value":"Sat, 28 Feb 2026 03:34:29 GMT"},{"Name":"Vary","Value":"Accept-Encoding"}],"EndpointProperties":[{"Name":"fingerprint","Value":"50yrosn3yp"},{"Name":"integrity","Value":"sha256-G+Nv9IWEyTGujWL5rsfRWVMa1v4KU4fb5lCqkXYXlvw="},{"Name":"label","Value":"Archuskha-Web.js"}]},{"Route":"Archuskha-Web.50yrosn3yp.js.br","AssetFile":"Archuskha-Web.js.br","Selectors":[],"ResponseHeaders":[{"Name":"Cache-Control","Value":"max-age=31536000, immutable"},{"Name":"Content-Encoding","Value":"br"},{"Name":"Content-Length","Value":"1813"},{"Name":"Content-Type","Value":"text/javascript"},{"Name":"ETag","Value":"\"ppRqBXLpijcJPyPxl1FwXcrFDdaCLN8x5a3vxrm/XEg=\""},{"Name":"Last-Modified","Value":"Sat, 28 Feb 2026 03:35:51 GMT"},{"Name":"Vary","Value":"Accept-Encoding"}],"EndpointProperties":[{"Name":"fingerprint","Value":"50yrosn3yp"},{"Name":"integrity","Value":"sha256-ppRqBXLpijcJPyPxl1FwXcrFDdaCLN8x5a3vxrm/XEg="},{"Name":"label","Value":"Archuskha-Web.js.br"}]},{"Route":"Archuskha-Web.50yrosn3yp.js.gz","AssetFile":"Archuskha-Web.js.gz","Selectors":[],"ResponseHeaders":[{"Name":"Cache-Control","Value":"max-age=31536000, immutable"},{"Name":"Content-Encoding","Value":"gzip"},{"Name":"Content-Length","Value":"2091"},{"Name":"Content-Type","Value":"text/javascript"},{"Name":"ETag","Value":"\"o4BLw0iTSTSLqpJSrDksp8zRPYY/jdMtW62CdBiKutA=\""},{"Name":"Last-Modified","Value":"Sat, 28 Feb 2026 03:35:50 GMT"},{"Name":"Vary","Value":"Accept-Encoding"}],"EndpointProperties":[{"Name":"fingerprint","Value":"50yrosn3yp"},{"Name":"integrity","Value":"sha256-o4BLw0iTSTSLqpJSrDksp8zRPYY/jdMtW62CdBiKutA="},{"Name":"label","Value":"Archuskha-Web.js.gz"}]},{"Route":"Archuskha-Web.css","AssetFile":"Archuskha-Web.css.br","Selectors":[{"Name":"Content-Encoding","Value":"br","Quality":"0.001007049345"}],"ResponseHeaders":[{"Name":"Cache-Control","Value":"no-cache"},{"Name":"Content-Encoding","Value":"br"},{"Name":"Content-Length","Value":"992"},{"Name":"Content-Type","Value":"text/css"},{"Name":"ETag","Value":"\"/zJ6jdqCU8JKsJHVWoEUuhq3GrUFPJK2aFURrc4m74I=\""},{"Name":"Last-Modified","Value":"Fri, 27 Feb 2026 17:28:08 GMT"},{"Name":"Vary","Value":"Accept-Encoding"}],"EndpointProperties":[{"Name":"integrity","Value":"sha256-j0JNzQb4P9Qz/QB9Rh/Yx9Ngncb7OWOQ9pQN1QPvKIY="},{"Name":"original-resource","Value":"\"j0JNzQb4P9Qz/QB9Rh/Yx9Ngncb7OWOQ9pQN1QPvKIY=\""}]},{"Route":"Archuskha-Web.css","AssetFile":"Archuskha-Web.css.gz","Selectors":[{"Name":"Content-Encoding","Value":"gzip","Quality":"0.000847457627"}],"ResponseHeaders":[{"Name":"Cache-Control","Value":"no-cache"},{"Name":"Content-Encoding","Value":"gzip"},{"Name":"Content-Length","Value":"1179"},{"Name":"Content-Type","Value":"text/css"},{"Name":"ETag","Value":"\"eQPkzaGIDIgq3wCwmuClg6BPdTNmFBz7IfIepzYObXE=\""},{"Name":"Last-Modified","Value":"Fri, 27 Feb 2026 17:28:08 GMT"},{"Name":"Vary","Value":"Accept-Encoding"}],"EndpointProperties":[{"Name":"integrity","Value":"sha256-j0JNzQb4P9Qz/QB9Rh/Yx9Ngncb7OWOQ9pQN1QPvKIY="},{"Name":"original-resource","Value":"\"j0JNzQb4P9Qz/QB9Rh/Yx9Ngncb7OWOQ9pQN1QPvKIY=\""}]},{"Route":"Archuskha-Web.css","AssetFile":"Archuskha-Web.css","Selectors":[],"ResponseHeaders":[{"Name":"Cache-Control","Value":"no-cache"},{"Name":"Content-Length","Value":"3260"},{"Name":"Content-Type","Value":"text/css"},{"Name":"ETag","Value":"\"j0JNzQb4P9Qz/QB9Rh/Yx9Ngncb7OWOQ9pQN1QPvKIY=\""},{"Name":"Last-Modified","Value":"Fri, 27 Feb 2026 17:27:29 GMT"},{"Name":"Vary","Value":"Accept-Encoding"}],"EndpointProperties":[{"Name":"integrity","Value":"sha256-j0JNzQb4P9Qz/QB9Rh/Yx9Ngncb7OWOQ9pQN1QPvKIY="}]},{"Route":"Archuskha-Web.css.br","AssetFile":"Archuskha-Web.css.br","Selectors":[],"ResponseHeaders":[{"Name":"Cache-Control","Value":"no-cache"},{"Name":"Content-Encoding","Value":"br"},{"Name":"Content-Length","Value":"992"},{"Name":"Content-Type","Value":"text/css"},{"Name":"ETag","Value":"\"/zJ6jdqCU8JKsJHVWoEUuhq3GrUFPJK2aFURrc4m74I=\""},{"Name":"Last-Modified","Value":"Fri, 27 Feb 2026 17:28:08 GMT"},{"Name":"Vary","Value":"Accept-Encoding"}],"EndpointProperties":[{"Name":"integrity","Value":"sha256-/zJ6jdqCU8JKsJHVWoEUuhq3GrUFPJK2aFURrc4m74I="}]},{"Route":"Archuskha-Web.css.gz","AssetFile":"Archuskha-Web.css.gz","Selectors":[],"ResponseHeaders":[{"Name":"Cache-Control","Value":"no-cache"},{"Name":"Content-Encoding","Value":"gzip"},{"Name":"Content-Length","Value":"1179"},{"Name":"Content-Type","Value":"text/css"},{"Name":"ETag","Value":"\"eQPkzaGIDIgq3wCwmuClg6BPdTNmFBz7IfIepzYObXE=\""},{"Name":"Last-Modified","Value":"Fri, 27 Feb 2026 17:28:08 GMT"},{"Name":"Vary","Value":"Accept-Encoding"}],"EndpointProperties":[{"Name":"integrity","Value":"sha256-eQPkzaGIDIgq3wCwmuClg6BPdTNmFBz7IfIepzYObXE="}]},{"Route":"Archuskha-Web.html","AssetFile":"Archuskha-Web.html.gz","Selectors":[{"Name":"Content-Encoding","Value":"gzip","Quality":"0.000504540868"}],"ResponseHeaders":[{"Name":"Cache-Control","Value":"no-cache"},{"Name":"Content-Encoding","Value":"gzip"},{"Name":"Content-Length","Value":"1981"},{"Name":"Content-Type","Value":"text/html"},{"Name":"ETag","Value":"\"IiJszYwpbi3x5I/yMbJdjKw6p4/d0mP0So+DvxnYSyk=\""},{"Name":"Last-Modified","Value":"Sat, 28 Feb 2026 03:55:03 GMT"},{"Name":"Vary","Value":"Accept-Encoding"}],"EndpointProperties":[{"Name":"integrity","Value":"sha256-omOREcSbwmgWln4s3xFYle3ZRNwHGgMW5tzyQQCcuUg="},{"Name":"original-resource","Value":"\"omOREcSbwmgWln4s3xFYle3ZRNwHGgMW5tzyQQCcuUg=\""}]},{"Route":"Archuskha-Web.html","AssetFile":"Archuskha-Web.html.br","Selectors":[{"Name":"Content-Encoding","Value":"br","Quality":"0.000621118012"}],"ResponseHeaders":[{"Name":"Cache-Control","Value":"no-cache"},{"Name":"Content-Encoding","Value":"br"},{"Name":"Content-Length","Value":"1609"},{"Name":"Content-Type","Value":"text/html"},{"Name":"ETag","Value":"\"TJZfhH7ekg57rLappSjQr9wMDHOawRo3OUHOR9CzLgc=\""},{"Name":"Last-Modified","Value":"Sat, 28 Feb 2026 03:55:04 GMT"},{"Name":"Vary","Value":"Accept-Encoding"}],"EndpointProperties":[{"Name":"integrity","Value":"sha256-omOREcSbwmgWln4s3xFYle3ZRNwHGgMW5tzyQQCcuUg="},{"Name":"original-resource","Value":"\"omOREcSbwmgWln4s3xFYle3ZRNwHGgMW5tzyQQCcuUg=\""}]},{"Route":"Archuskha-Web.html","AssetFile":"Archuskha-Web.html","Selectors":[],"ResponseHeaders":[{"Name":"Cache-Control","Value":"no-cache"},{"Name":"Content-Length","Value":"6905"},{"Name":"Content-Type","Value":"text/html"},{"Name":"ETag","Value":"\"omOREcSbwmgWln4s3xFYle3ZRNwHGgMW5tzyQQCcuUg=\""},{"Name":"Last-Modified","Value":"Sat, 28 Feb 2026 03:50:09 GMT"},{"Name":"Vary","Value":"Accept-Encoding"}],"EndpointProperties":[{"Name":"integrity","Value":"sha256-omOREcSbwmgWln4s3xFYle3ZRNwHGgMW5tzyQQCcuUg="}]},{"Route":"Archuskha-Web.html.br","AssetFile":"Archuskha-Web.html.br","Selectors":[],"ResponseHeaders":[{"Name":"Cache-Control","Value":"no-cache"},{"Name":"Content-Encoding","Value":"br"},{"Name":"Content-Length","Value":"1609"},{"Name":"Content-Type","Value":"text/html"},{"Name":"ETag","Value":"\"TJZfhH7ekg57rLappSjQr9wMDHOawRo3OUHOR9CzLgc=\""},{"Name":"Last-Modified","Value":"Sat, 28 Feb 2026 03:55:04 GMT"},{"Name":"Vary","Value":"Accept-Encoding"}],"EndpointProperties":[{"Name":"integrity","Value":"sha256-TJZfhH7ekg57rLappSjQr9wMDHOawRo3OUHOR9CzLgc="}]},{"Route":"Archuskha-Web.html.gz","AssetFile":"Archuskha-Web.html.gz","Selectors":[],"ResponseHeaders":[{"Name":"Cache-Control","Value":"no-cache"},{"Name":"Content-Encoding","Value":"gzip"},{"Name":"Content-Length","Value":"1981"},{"Name":"Content-Type","Value":"text/html"},{"Name":"ETag","Value":"\"IiJszYwpbi3x5I/yMbJdjKw6p4/d0mP0So+DvxnYSyk=\""},{"Name":"Last-Modified","Value":"Sat, 28 Feb 2026 03:55:03 GMT"},{"Name":"Vary","Value":"Accept-Encoding"}],"EndpointProperties":[{"Name":"integrity","Value":"sha256-IiJszYwpbi3x5I/yMbJdjKw6p4/d0mP0So+DvxnYSyk="}]},{"Route":"Archuskha-Web.js","AssetFile":"Archuskha-Web.js.gz","Selectors":[{"Name":"Content-Encoding","Value":"gzip","Quality":"0.000478011472"}],"ResponseHeaders":[{"Name":"Cache-Control","Value":"no-cache"},{"Name":"Content-Encoding","Value":"gzip"},{"Name":"Content-Length","Value":"2091"},{"Name":"Content-Type","Value":"text/javascript"},{"Name":"ETag","Value":"\"o4BLw0iTSTSLqpJSrDksp8zRPYY/jdMtW62CdBiKutA=\""},{"Name":"Last-Modified","Value":"Sat, 28 Feb 2026 03:35:50 GMT"},{"Name":"Vary","Value":"Accept-Encoding"}],"EndpointProperties":[{"Name":"integrity","Value":"sha256-G+Nv9IWEyTGujWL5rsfRWVMa1v4KU4fb5lCqkXYXlvw="},{"Name":"original-resource","Value":"\"G+Nv9IWEyTGujWL5rsfRWVMa1v4KU4fb5lCqkXYXlvw=\""}]},{"Route":"Archuskha-Web.js","AssetFile":"Archuskha-Web.js.br","Selectors":[{"Name":"Content-Encoding","Value":"br","Quality":"0.000551267916"}],"ResponseHeaders":[{"Name":"Cache-Control","Value":"no-cache"},{"Name":"Content-Encoding","Value":"br"},{"Name":"Content-Length","Value":"1813"},{"Name":"Content-Type","Value":"text/javascript"},{"Name":"ETag","Value":"\"ppRqBXLpijcJPyPxl1FwXcrFDdaCLN8x5a3vxrm/XEg=\""},{"Name":"Last-Modified","Value":"Sat, 28 Feb 2026 03:35:51 GMT"},{"Name":"Vary","Value":"Accept-Encoding"}],"EndpointProperties":[{"Name":"integrity","Value":"sha256-G+Nv9IWEyTGujWL5rsfRWVMa1v4KU4fb5lCqkXYXlvw="},{"Name":"original-resource","Value":"\"G+Nv9IWEyTGujWL5rsfRWVMa1v4KU4fb5lCqkXYXlvw=\""}]},{"Route":"Archuskha-Web.js","AssetFile":"Archuskha-Web.js","Selectors":[],"ResponseHeaders":[{"Name":"Cache-Control","Value":"no-cache"},{"Name":"Content-Length","Value":"8991"},{"Name":"Content-Type","Value":"text/javascript"},{"Name":"ETag","Value":"\"G+Nv9IWEyTGujWL5rsfRWVMa1v4KU4fb5lCqkXYXlvw=\""},{"Name":"Last-Modified","Value":"Sat, 28 Feb 2026 03:34:29 GMT"},{"Name":"Vary","Value":"Accept-Encoding"}],"EndpointProperties":[{"Name":"integrity","Value":"sha256-G+Nv9IWEyTGujWL5rsfRWVMa1v4KU4fb5lCqkXYXlvw="}]},{"Route":"Archuskha-Web.js.br","AssetFile":"Archuskha-Web.js.br","Selectors":[],"ResponseHeaders":[{"Name":"Cache-Control","Value":"no-cache"},{"Name":"Content-Encoding","Value":"br"},{"Name":"Content-Length","Value":"1813"},{"Name":"Content-Type","Value":"text/javascript"},{"Name":"ETag","Value":"\"ppRqBXLpijcJPyPxl1FwXcrFDdaCLN8x5a3vxrm/XEg=\""},{"Name":"Last-Modified","Value":"Sat, 28 Feb 2026 03:35:51 GMT"},{"Name":"Vary","Value":"Accept-Encoding"}],"EndpointProperties":[{"Name":"integrity","Value":"sha256-ppRqBXLpijcJPyPxl1FwXcrFDdaCLN8x5a3vxrm/XEg="}]},{"Route":"Archuskha-Web.js.gz","AssetFile":"Archuskha-Web.js.gz","Selectors":[],"ResponseHeaders":[{"Name":"Cache-Control","Value":"no-cache"},{"Name":"Content-Encoding","Value":"gzip"},{"Name":"Content-Length","Value":"2091"},{"Name":"Content-Type","Value":"text/javascript"},{"Name":"ETag","Value":"\"o4BLw0iTSTSLqpJSrDksp8zRPYY/jdMtW62CdBiKutA=\""},{"Name":"Last-Modified","Value":"Sat, 28 Feb 2026 03:35:50 GMT"},{"Name":"Vary","Value":"Accept-Encoding"}],"EndpointProperties":[{"Name":"integrity","Value":"sha256-o4BLw0iTSTSLqpJSrDksp8zRPYY/jdMtW62CdBiKutA="}]}]}