{"Version":1,"ManifestType":"Publish","Endpoints":[{"Route":"Archuskha-Web.0963vv81dg.js","AssetFile":"Archuskha-Web.js.gz","Selectors":[{"Name":"Content-Encoding","Value":"gzip","Quality":"0.000597014925"}],"ResponseHeaders":[{"Name":"Cache-Control","Value":"max-age=31536000, immutable"},{"Name":"Content-Encoding","Value":"gzip"},{"Name":"Content-Length","Value":"1674"},{"Name":"Content-Type","Value":"text/javascript"},{"Name":"ETag","Value":"\"nHP3j/RQF/pkBeRJMmISf5zWGswP6FkeQWvjC5C3bxw=\""},{"Name":"Last-Modified","Value":"Sat, 28 Feb 2026 02:23:48 GMT"},{"Name":"Vary","Value":"Accept-Encoding"}],"EndpointProperties":[{"Name":"fingerprint","Value":"0963vv81dg"},{"Name":"integrity","Value":"sha256-nKIFpZPGIe7iQhvvdr6eQoGxgcf911CkbuYME6DfsTQ="},{"Name":"label","Value":"Archuskha-Web.js"},{"Name":"original-resource","Value":"\"nKIFpZPGIe7iQhvvdr6eQoGxgcf911CkbuYME6DfsTQ=\""}]},{"Route":"Archuskha-Web.0963vv81dg.js","AssetFile":"Archuskha-Web.js.br","Selectors":[{"Name":"Content-Encoding","Value":"br","Quality":"0.000680272109"}],"ResponseHeaders":[{"Name":"Cache-Control","Value":"max-age=31536000, immutable"},{"Name":"Content-Encoding","Value":"br"},{"Name":"Content-Length","Value":"1469"},{"Name":"Content-Type","Value":"text/javascript"},{"Name":"ETag","Value":"\"32ayHa+9MQRVtadqBfzSsFhSFFYykEdzyWCQ+BOEzlQ=\""},{"Name":"Last-Modified","Value":"Sat, 28 Feb 2026 02:23:48 GMT"},{"Name":"Vary","Value":"Accept-Encoding"}],"EndpointProperties":[{"Name":"fingerprint","Value":"0963vv81dg"},{"Name":"integrity","Value":"sha256-nKIFpZPGIe7iQhvvdr6eQoGxgcf911CkbuYME6DfsTQ="},{"Name":"label","Value":"Archuskha-Web.js"},{"Name":"original-resource","Value":"\"nKIFpZPGIe7iQhvvdr6eQoGxgcf911CkbuYME6DfsTQ=\""}]},{"Route":"Archuskha-Web.0963vv81dg.js","AssetFile":"Archuskha-Web.js","Selectors":[],"ResponseHeaders":[{"Name":"Cache-Control","Value":"max-age=31536000, immutable"},{"Name":"Content-Length","Value":"6482"},{"Name":"Content-Type","Value":"text/javascript"},{"Name":"ETag","Value":"\"nKIFpZPGIe7iQhvvdr6eQoGxgcf911CkbuYME6DfsTQ=\""},{"Name":"Last-Modified","Value":"Sat, 28 Feb 2026 02:21:27 GMT"},{"Name":"Vary","Value":"Accept-Encoding"}],"EndpointProperties":[{"Name":"fingerprint","Value":"0963vv81dg"},{"Name":"integrity","Value":"sha256-nKIFpZPGIe7iQhvvdr6eQoGxgcf911CkbuYME6DfsTQ="},{"Name":"label","Value":"Archuskha-Web.js"}]},{"Route":"Archuskha-Web.0963vv81dg.js.br","AssetFile":"Archuskha-Web.js.br","Selectors":[],"ResponseHeaders":[{"Name":"Cache-Control","Value":"max-age=31536000, immutable"},{"Name":"Content-Encoding","Value":"br"},{"Name":"Content-Length","Value":"1469"},{"Name":"Content-Type","Value":"text/javascript"},{"Name":"ETag","Value":"\"32ayHa+9MQRVtadqBfzSsFhSFFYykEdzyWCQ+BOEzlQ=\""},{"Name":"Last-Modified","Value":"Sat, 28 Feb 2026 02:23:48 GMT"},{"Name":"Vary","Value":"Accept-Encoding"}],"EndpointProperties":[{"Name":"fingerprint","Value":"0963vv81dg"},{"Name":"integrity","Value":"sha256-32ayHa+9MQRVtadqBfzSsFhSFFYykEdzyWCQ+BOEzlQ="},{"Name":"label","Value":"Archuskha-Web.js.br"}]},{"Route":"Archuskha-Web.0963vv81dg.js.gz","AssetFile":"Archuskha-Web.js.gz","Selectors":[],"ResponseHeaders":[{"Name":"Cache-Control","Value":"max-age=31536000, immutable"},{"Name":"Content-Encoding","Value":"gzip"},{"Name":"Content-Length","Value":"1674"},{"Name":"Content-Type","Value":"text/javascript"},{"Name":"ETag","Value":"\"nHP3j/RQF/pkBeRJMmISf5zWGswP6FkeQWvjC5C3bxw=\""},{"Name":"Last-Modified","Value":"Sat, 28 Feb 2026 02:23:48 GMT"},{"Name":"Vary","Value":"Accept-Encoding"}],"EndpointProperties":[{"Name":"fingerprint","Value":"0963vv81dg"},{"Name":"integrity","Value":"sha256-nHP3j/RQF/pkBeRJMmISf5zWGswP6FkeQWvjC5C3bxw="},{"Name":"label","Value":"Archuskha-Web.js.gz"}]},{"Route":"Archuskha-Web.3nhxziyff0.css","AssetFile":"Archuskha-Web.css.br","Selectors":[{"Name":"Content-Encoding","Value":"br","Quality":"0.001007049345"}],"ResponseHeaders":[{"Name":"Cache-Control","Value":"max-age=31536000, immutable"},{"Name":"Content-Encoding","Value":"br"},{"Name":"Content-Length","Value":"992"},{"Name":"Content-Type","Value":"text/css"},{"Name":"ETag","Value":"\"/zJ6jdqCU8JKsJHVWoEUuhq3GrUFPJK2aFURrc4m74I=\""},{"Name":"Last-Modified","Value":"Fri, 27 Feb 2026 17:28:08 GMT"},{"Name":"Vary","Value":"Accept-Encoding"}],"EndpointProperties":[{"Name":"fingerprint","Value":"3nhxziyff0"},{"Name":"integrity","Value":"sha256-j0JNzQb4P9Qz/QB9Rh/Yx9Ngncb7OWOQ9pQN1QPvKIY="},{"Name":"label","Value":"Archuskha-Web.css"},{"Name":"original-resource","Value":"\"j0JNzQb4P9Qz/QB9Rh/Yx9Ngncb7OWOQ9pQN1QPvKIY=\""}]},{"Route":"Archuskha-Web.3nhxziyff0.css","AssetFile":"Archuskha-Web.css.gz","Selectors":[{"Name":"Content-Encoding","Value":"gzip","Quality":"0.000847457627"}],"ResponseHeaders":[{"Name":"Cache-Control","Value":"max-age=31536000, immutable"},{"Name":"Content-Encoding","Value":"gzip"},{"Name":"Content-Length","Value":"1179"},{"Name":"Content-Type","Value":"text/css"},{"Name":"ETag","Value":"\"eQPkzaGIDIgq3wCwmuClg6BPdTNmFBz7IfIepzYObXE=\""},{"Name":"Last-Modified","Value":"Fri, 27 Feb 2026 17:28:08 GMT"},{"Name":"Vary","Value":"Accept-Encoding"}],"EndpointProperties":[{"Name":"fingerprint","Value":"3nhxziyff0"},{"Name":"integrity","Value":"sha256-j0JNzQb4P9Qz/QB9Rh/Yx9Ngncb7OWOQ9pQN1QPvKIY="},{"Name":"label","Value":"Archuskha-Web.css"},{"Name":"original-resource","Value":"\"j0JNzQb4P9Qz/QB9Rh/Yx9Ngncb7OWOQ9pQN1QPvKIY=\""}]},{"Route":"Archuskha-Web.3nhxziyff0.css","AssetFile":"Archuskha-Web.css","Selectors":[],"ResponseHeaders":[{"Name":"Cache-Control","Value":"max-age=31536000, immutable"},{"Name":"Content-Length","Value":"3260"},{"Name":"Content-Type","Value":"text/css"},{"Name":"ETag","Value":"\"j0JNzQb4P9Qz/QB9Rh/Yx9Ngncb7OWOQ9pQN1QPvKIY=\""},{"Name":"Last-Modified","Value":"Fri, 27 Feb 2026 17:27:29 GMT"},{"Name":"Vary","Value":"Accept-Encoding"}],"EndpointProperties":[{"Name":"fingerprint","Value":"3nhxziyff0"},{"Name":"integrity","Value":"sha256-j0JNzQb4P9Qz/QB9Rh/Yx9Ngncb7OWOQ9pQN1QPvKIY="},{"Name":"label","Value":"Archuskha-Web.css"}]},{"Route":"Archuskha-Web.3nhxziyff0.css.br","AssetFile":"Archuskha-Web.css.br","Selectors":[],"ResponseHeaders":[{"Name":"Cache-Control","Value":"max-age=31536000, immutable"},{"Name":"Content-Encoding","Value":"br"},{"Name":"Content-Length","Value":"992"},{"Name":"Content-Type","Value":"text/css"},{"Name":"ETag","Value":"\"/zJ6jdqCU8JKsJHVWoEUuhq3GrUFPJK2aFURrc4m74I=\""},{"Name":"Last-Modified","Value":"Fri, 27 Feb 2026 17:28:08 GMT"},{"Name":"Vary","Value":"Accept-Encoding"}],"EndpointProperties":[{"Name":"fingerprint","Value":"3nhxziyff0"},{"Name":"integrity","Value":"sha256-/zJ6jdqCU8JKsJHVWoEUuhq3GrUFPJK2aFURrc4m74I="},{"Name":"label","Value":"Archuskha-Web.css.br"}]},{"Route":"Archuskha-Web.3nhxziyff0.css.gz","AssetFile":"Archuskha-Web.css.gz","Selectors":[],"ResponseHeaders":[{"Name":"Cache-Control","Value":"max-age=31536000, immutable"},{"Name":"Content-Encoding","Value":"gzip"},{"Name":"Content-Length","Value":"1179"},{"Name":"Content-Type","Value":"text/css"},{"Name":"ETag","Value":"\"eQPkzaGIDIgq3wCwmuClg6BPdTNmFBz7IfIepzYObXE=\""},{"Name":"Last-Modified","Value":"Fri, 27 Feb 2026 17:28:08 GMT"},{"Name":"Vary","Value":"Accept-Encoding"}],"EndpointProperties":[{"Name":"fingerprint","Value":"3nhxziyff0"},{"Name":"integrity","Value":"sha256-eQPkzaGIDIgq3wCwmuClg6BPdTNmFBz7IfIepzYObXE="},{"Name":"label","Value":"Archuskha-Web.css.gz"}]},{"Route":"Archuskha-Web.css","AssetFile":"Archuskha-Web.css.br","Selectors":[{"Name":"Content-Encoding","Value":"br","Quality":"0.001007049345"}],"ResponseHeaders":[{"Name":"Cache-Control","Value":"no-cache"},{"Name":"Content-Encoding","Value":"br"},{"Name":"Content-Length","Value":"992"},{"Name":"Content-Type","Value":"text/css"},{"Name":"ETag","Value":"\"/zJ6jdqCU8JKsJHVWoEUuhq3GrUFPJK2aFURrc4m74I=\""},{"Name":"Last-Modified","Value":"Fri, 27 Feb 2026 17:28:08 GMT"},{"Name":"Vary","Value":"Accept-Encoding"}],"EndpointProperties":[{"Name":"integrity","Value":"sha256-j0JNzQb4P9Qz/QB9Rh/Yx9Ngncb7OWOQ9pQN1QPvKIY="},{"Name":"original-resource","Value":"\"j0JNzQb4P9Qz/QB9Rh/Yx9Ngncb7OWOQ9pQN1QPvKIY=\""}]},{"Route":"Archuskha-Web.css","AssetFile":"Archuskha-Web.css.gz","Selectors":[{"Name":"Content-Encoding","Value":"gzip","Quality":"0.000847457627"}],"ResponseHeaders":[{"Name":"Cache-Control","Value":"no-cache"},{"Name":"Content-Encoding","Value":"gzip"},{"Name":"Content-Length","Value":"1179"},{"Name":"Content-Type","Value":"text/css"},{"Name":"ETag","Value":"\"eQPkzaGIDIgq3wCwmuClg6BPdTNmFBz7IfIepzYObXE=\""},{"Name":"Last-Modified","Value":"Fri, 27 Feb 2026 17:28:08 GMT"},{"Name":"Vary","Value":"Accept-Encoding"}],"EndpointProperties":[{"Name":"integrity","Value":"sha256-j0JNzQb4P9Qz/QB9Rh/Yx9Ngncb7OWOQ9pQN1QPvKIY="},{"Name":"original-resource","Value":"\"j0JNzQb4P9Qz/QB9Rh/Yx9Ngncb7OWOQ9pQN1QPvKIY=\""}]},{"Route":"Archuskha-Web.css","AssetFile":"Archuskha-Web.css","Selectors":[],"ResponseHeaders":[{"Name":"Cache-Control","Value":"no-cache"},{"Name":"Content-Length","Value":"3260"},{"Name":"Content-Type","Value":"text/css"},{"Name":"ETag","Value":"\"j0JNzQb4P9Qz/QB9Rh/Yx9Ngncb7OWOQ9pQN1QPvKIY=\""},{"Name":"Last-Modified","Value":"Fri, 27 Feb 2026 17:27:29 GMT"},{"Name":"Vary","Value":"Accept-Encoding"}],"EndpointProperties":[{"Name":"integrity","Value":"sha256-j0JNzQb4P9Qz/QB9Rh/Yx9Ngncb7OWOQ9pQN1QPvKIY="}]},{"Route":"Archuskha-Web.css.br","AssetFile":"Archuskha-Web.css.br","Selectors":[],"ResponseHeaders":[{"Name":"Cache-Control","Value":"no-cache"},{"Name":"Content-Encoding","Value":"br"},{"Name":"Content-Length","Value":"992"},{"Name":"Content-Type","Value":"text/css"},{"Name":"ETag","Value":"\"/zJ6jdqCU8JKsJHVWoEUuhq3GrUFPJK2aFURrc4m74I=\""},{"Name":"Last-Modified","Value":"Fri, 27 Feb 2026 17:28:08 GMT"},{"Name":"Vary","Value":"Accept-Encoding"}],"EndpointProperties":[{"Name":"integrity","Value":"sha256-/zJ6jdqCU8JKsJHVWoEUuhq3GrUFPJK2aFURrc4m74I="}]},{"Route":"Archuskha-Web.css.gz","AssetFile":"Archuskha-Web.css.gz","Selectors":[],"ResponseHeaders":[{"Name":"Cache-Control","Value":"no-cache"},{"Name":"Content-Encoding","Value":"gzip"},{"Name":"Content-Length","Value":"1179"},{"Name":"Content-Type","Value":"text/css"},{"Name":"ETag","Value":"\"eQPkzaGIDIgq3wCwmuClg6BPdTNmFBz7IfIepzYObXE=\""},{"Name":"Last-Modified","Value":"Fri, 27 Feb 2026 17:28:08 GMT"},{"Name":"Vary","Value":"Accept-Encoding"}],"EndpointProperties":[{"Name":"integrity","Value":"sha256-eQPkzaGIDIgq3wCwmuClg6BPdTNmFBz7IfIepzYObXE="}]},{"Route":"Archuskha-Web.html","AssetFile":"Archuskha-Web.html.gz","Selectors":[{"Name":"Content-Encoding","Value":"gzip","Quality":"0.000553403431"}],"ResponseHeaders":[{"Name":"Cache-Control","Value":"no-cache"},{"Name":"Content-Encoding","Value":"gzip"},{"Name":"Content-Length","Value":"1806"},{"Name":"Content-Type","Value":"text/html"},{"Name":"ETag","Value":"\"dGQGxPvgNASTnEdWzXk2mySQVkem6ADHRqmxznc92Hw=\""},{"Name":"Last-Modified","Value":"Sat, 28 Feb 2026 02:23:48 GMT"},{"Name":"Vary","Value":"Accept-Encoding"}],"EndpointProperties":[{"Name":"integrity","Value":"sha256-/CXg3J2uL7jFKEj0EovO8v3199PAnQ2rniOgXlrbPyg="},{"Name":"original-resource","Value":"\"/CXg3J2uL7jFKEj0EovO8v3199PAnQ2rniOgXlrbPyg=\""}]},{"Route":"Archuskha-Web.html","AssetFile":"Archuskha-Web.html.br","Selectors":[{"Name":"Content-Encoding","Value":"br","Quality":"0.000686813187"}],"ResponseHeaders":[{"Name":"Cache-Control","Value":"no-cache"},{"Name":"Content-Encoding","Value":"br"},{"Name":"Content-Length","Value":"1455"},{"Name":"Content-Type","Value":"text/html"},{"Name":"ETag","Value":"\"4TGwb56pvqZZGgixAKFK7Zo4FCBKB01dgxNlPk2IBnE=\""},{"Name":"Last-Modified","Value":"Sat, 28 Feb 2026 02:23:48 GMT"},{"Name":"Vary","Value":"Accept-Encoding"}],"EndpointProperties":[{"Name":"integrity","Value":"sha256-/CXg3J2uL7jFKEj0EovO8v3199PAnQ2rniOgXlrbPyg="},{"Name":"original-resource","Value":"\"/CXg3J2uL7jFKEj0EovO8v3199PAnQ2rniOgXlrbPyg=\""}]},{"Route":"Archuskha-Web.html","AssetFile":"Archuskha-Web.html","Selectors":[],"ResponseHeaders":[{"Name":"Cache-Control","Value":"no-cache"},{"Name":"Content-Length","Value":"6265"},{"Name":"Content-Type","Value":"text/html"},{"Name":"ETag","Value":"\"/CXg3J2uL7jFKEj0EovO8v3199PAnQ2rniOgXlrbPyg=\""},{"Name":"Last-Modified","Value":"Sat, 28 Feb 2026 02:20:23 GMT"},{"Name":"Vary","Value":"Accept-Encoding"}],"EndpointProperties":[{"Name":"integrity","Value":"sha256-/CXg3J2uL7jFKEj0EovO8v3199PAnQ2rniOgXlrbPyg="}]},{"Route":"Archuskha-Web.html.br","AssetFile":"Archuskha-Web.html.br","Selectors":[],"ResponseHeaders":[{"Name":"Cache-Control","Value":"no-cache"},{"Name":"Content-Encoding","Value":"br"},{"Name":"Content-Length","Value":"1455"},{"Name":"Content-Type","Value":"text/html"},{"Name":"ETag","Value":"\"4TGwb56pvqZZGgixAKFK7Zo4FCBKB01dgxNlPk2IBnE=\""},{"Name":"Last-Modified","Value":"Sat, 28 Feb 2026 02:23:48 GMT"},{"Name":"Vary","Value":"Accept-Encoding"}],"EndpointProperties":[{"Name":"integrity","Value":"sha256-4TGwb56pvqZZGgixAKFK7Zo4FCBKB01dgxNlPk2IBnE="}]},{"Route":"Archuskha-Web.html.gz","AssetFile":"Archuskha-Web.html.gz","Selectors":[],"ResponseHeaders":[{"Name":"Cache-Control","Value":"no-cache"},{"Name":"Content-Encoding","Value":"gzip"},{"Name":"Content-Length","Value":"1806"},{"Name":"Content-Type","Value":"text/html"},{"Name":"ETag","Value":"\"dGQGxPvgNASTnEdWzXk2mySQVkem6ADHRqmxznc92Hw=\""},{"Name":"Last-Modified","Value":"Sat, 28 Feb 2026 02:23:48 GMT"},{"Name":"Vary","Value":"Accept-Encoding"}],"EndpointProperties":[{"Name":"integrity","Value":"sha256-dGQGxPvgNASTnEdWzXk2mySQVkem6ADHRqmxznc92Hw="}]},{"Route":"Archuskha-Web.js","AssetFile":"Archuskha-Web.js.gz","Selectors":[{"Name":"Content-Encoding","Value":"gzip","Quality":"0.000597014925"}],"ResponseHeaders":[{"Name":"Cache-Control","Value":"no-cache"},{"Name":"Content-Encoding","Value":"gzip"},{"Name":"Content-Length","Value":"1674"},{"Name":"Content-Type","Value":"text/javascript"},{"Name":"ETag","Value":"\"nHP3j/RQF/pkBeRJMmISf5zWGswP6FkeQWvjC5C3bxw=\""},{"Name":"Last-Modified","Value":"Sat, 28 Feb 2026 02:23:48 GMT"},{"Name":"Vary","Value":"Accept-Encoding"}],"EndpointProperties":[{"Name":"integrity","Value":"sha256-nKIFpZPGIe7iQhvvdr6eQoGxgcf911CkbuYME6DfsTQ="},{"Name":"original-resource","Value":"\"nKIFpZPGIe7iQhvvdr6eQoGxgcf911CkbuYME6DfsTQ=\""}]},{"Route":"Archuskha-Web.js","AssetFile":"Archuskha-Web.js.br","Selectors":[{"Name":"Content-Encoding","Value":"br","Quality":"0.000680272109"}],"ResponseHeaders":[{"Name":"Cache-Control","Value":"no-cache"},{"Name":"Content-Encoding","Value":"br"},{"Name":"Content-Length","Value":"1469"},{"Name":"Content-Type","Value":"text/javascript"},{"Name":"ETag","Value":"\"32ayHa+9MQRVtadqBfzSsFhSFFYykEdzyWCQ+BOEzlQ=\""},{"Name":"Last-Modified","Value":"Sat, 28 Feb 2026 02:23:48 GMT"},{"Name":"Vary","Value":"Accept-Encoding"}],"EndpointProperties":[{"Name":"integrity","Value":"sha256-nKIFpZPGIe7iQhvvdr6eQoGxgcf911CkbuYME6DfsTQ="},{"Name":"original-resource","Value":"\"nKIFpZPGIe7iQhvvdr6eQoGxgcf911CkbuYME6DfsTQ=\""}]},{"Route":"Archuskha-Web.js","AssetFile":"Archuskha-Web.js","Selectors":[],"ResponseHeaders":[{"Name":"Cache-Control","Value":"no-cache"},{"Name":"Content-Length","Value":"6482"},{"Name":"Content-Type","Value":"text/javascript"},{"Name":"ETag","Value":"\"nKIFpZPGIe7iQhvvdr6eQoGxgcf911CkbuYME6DfsTQ=\""},{"Name":"Last-Modified","Value":"Sat, 28 Feb 2026 02:21:27 GMT"},{"Name":"Vary","Value":"Accept-Encoding"}],"EndpointProperties":[{"Name":"integrity","Value":"sha256-nKIFpZPGIe7iQhvvdr6eQoGxgcf911CkbuYME6DfsTQ="}]},{"Route":"Archuskha-Web.js.br","AssetFile":"Archuskha-Web.js.br","Selectors":[],"ResponseHeaders":[{"Name":"Cache-Control","Value":"no-cache"},{"Name":"Content-Encoding","Value":"br"},{"Name":"Content-Length","Value":"1469"},{"Name":"Content-Type","Value":"text/javascript"},{"Name":"ETag","Value":"\"32ayHa+9MQRVtadqBfzSsFhSFFYykEdzyWCQ+BOEzlQ=\""},{"Name":"Last-Modified","Value":"Sat, 28 Feb 2026 02:23:48 GMT"},{"Name":"Vary","Value":"Accept-Encoding"}],"EndpointProperties":[{"Name":"integrity","Value":"sha256-32ayHa+9MQRVtadqBfzSsFhSFFYykEdzyWCQ+BOEzlQ="}]},{"Route":"Archuskha-Web.js.gz","AssetFile":"Archuskha-Web.js.gz","Selectors":[],"ResponseHeaders":[{"Name":"Cache-Control","Value":"no-cache"},{"Name":"Content-Encoding","Value":"gzip"},{"Name":"Content-Length","Value":"1674"},{"Name":"Content-Type","Value":"text/javascript"},{"Name":"ETag","Value":"\"nHP3j/RQF/pkBeRJMmISf5zWGswP6FkeQWvjC5C3bxw=\""},{"Name":"Last-Modified","Value":"Sat, 28 Feb 2026 02:23:48 GMT"},{"Name":"Vary","Value":"Accept-Encoding"}],"EndpointProperties":[{"Name":"integrity","Value":"sha256-nHP3j/RQF/pkBeRJMmISf5zWGswP6FkeQWvjC5C3bxw="}]},{"Route":"Archuskha-Web.oz4ja8ds2y.html","AssetFile":"Archuskha-Web.html.gz","Selectors":[{"Name":"Content-Encoding","Value":"gzip","Quality":"0.000553403431"}],"ResponseHeaders":[{"Name":"Cache-Control","Value":"max-age=31536000, immutable"},{"Name":"Content-Encoding","Value":"gzip"},{"Name":"Content-Length","Value":"1806"},{"Name":"Content-Type","Value":"text/html"},{"Name":"ETag","Value":"\"dGQGxPvgNASTnEdWzXk2mySQVkem6ADHRqmxznc92Hw=\""},{"Name":"Last-Modified","Value":"Sat, 28 Feb 2026 02:23:48 GMT"},{"Name":"Vary","Value":"Accept-Encoding"}],"EndpointProperties":[{"Name":"fingerprint","Value":"oz4ja8ds2y"},{"Name":"integrity","Value":"sha256-/CXg3J2uL7jFKEj0EovO8v3199PAnQ2rniOgXlrbPyg="},{"Name":"label","Value":"Archuskha-Web.html"},{"Name":"original-resource","Value":"\"/CXg3J2uL7jFKEj0EovO8v3199PAnQ2rniOgXlrbPyg=\""}]},{"Route":"Archuskha-Web.oz4ja8ds2y.html","AssetFile":"Archuskha-Web.html.br","Selectors":[{"Name":"Content-Encoding","Value":"br","Quality":"0.000686813187"}],"ResponseHeaders":[{"Name":"Cache-Control","Value":"max-age=31536000, immutable"},{"Name":"Content-Encoding","Value":"br"},{"Name":"Content-Length","Value":"1455"},{"Name":"Content-Type","Value":"text/html"},{"Name":"ETag","Value":"\"4TGwb56pvqZZGgixAKFK7Zo4FCBKB01dgxNlPk2IBnE=\""},{"Name":"Last-Modified","Value":"Sat, 28 Feb 2026 02:23:48 GMT"},{"Name":"Vary","Value":"Accept-Encoding"}],"EndpointProperties":[{"Name":"fingerprint","Value":"oz4ja8ds2y"},{"Name":"integrity","Value":"sha256-/CXg3J2uL7jFKEj0EovO8v3199PAnQ2rniOgXlrbPyg="},{"Name":"label","Value":"Archuskha-Web.html"},{"Name":"original-resource","Value":"\"/CXg3J2uL7jFKEj0EovO8v3199PAnQ2rniOgXlrbPyg=\""}]},{"Route":"Archuskha-Web.oz4ja8ds2y.html","AssetFile":"Archuskha-Web.html","Selectors":[],"ResponseHeaders":[{"Name":"Cache-Control","Value":"max-age=31536000, immutable"},{"Name":"Content-Length","Value":"6265"},{"Name":"Content-Type","Value":"text/html"},{"Name":"ETag","Value":"\"/CXg3J2uL7jFKEj0EovO8v3199PAnQ2rniOgXlrbPyg=\""},{"Name":"Last-Modified","Value":"Sat, 28 Feb 2026 02:20:23 GMT"},{"Name":"Vary","Value":"Accept-Encoding"}],"EndpointProperties":[{"Name":"fingerprint","Value":"oz4ja8ds2y"},{"Name":"integrity","Value":"sha256-/CXg3J2uL7jFKEj0EovO8v3199PAnQ2rniOgXlrbPyg="},{"Name":"label","Value":"Archuskha-Web.html"}]},{"Route":"Archuskha-Web.oz4ja8ds2y.html.br","AssetFile":"Archuskha-Web.html.br","Selectors":[],"ResponseHeaders":[{"Name":"Cache-Control","Value":"max-age=31536000, immutable"},{"Name":"Content-Encoding","Value":"br"},{"Name":"Content-Length","Value":"1455"},{"Name":"Content-Type","Value":"text/html"},{"Name":"ETag","Value":"\"4TGwb56pvqZZGgixAKFK7Zo4FCBKB01dgxNlPk2IBnE=\""},{"Name":"Last-Modified","Value":"Sat, 28 Feb 2026 02:23:48 GMT"},{"Name":"Vary","Value":"Accept-Encoding"}],"EndpointProperties":[{"Name":"fingerprint","Value":"oz4ja8ds2y"},{"Name":"integrity","Value":"sha256-4TGwb56pvqZZGgixAKFK7Zo4FCBKB01dgxNlPk2IBnE="},{"Name":"label","Value":"Archuskha-Web.html.br"}]},{"Route":"Archuskha-Web.oz4ja8ds2y.html.gz","AssetFile":"Archuskha-Web.html.gz","Selectors":[],"ResponseHeaders":[{"Name":"Cache-Control","Value":"max-age=31536000, immutable"},{"Name":"Content-Encoding","Value":"gzip"},{"Name":"Content-Length","Value":"1806"},{"Name":"Content-Type","Value":"text/html"},{"Name":"ETag","Value":"\"dGQGxPvgNASTnEdWzXk2mySQVkem6ADHRqmxznc92Hw=\""},{"Name":"Last-Modified","Value":"Sat, 28 Feb 2026 02:23:48 GMT"},{"Name":"Vary","Value":"Accept-Encoding"}],"EndpointProperties":[{"Name":"fingerprint","Value":"oz4ja8ds2y"},{"Name":"integrity","Value":"sha256-dGQGxPvgNASTnEdWzXk2mySQVkem6ADHRqmxznc92Hw="},{"Name":"label","Value":"Archuskha-Web.html.gz"}]}]}