{"Version":1,"ManifestType":"Publish","Endpoints":[{"Route":"Archuskha-Web.06qnl9dd3g.js","AssetFile":"Archuskha-Web.js.gz","Selectors":[{"Name":"Content-Encoding","Value":"gzip","Quality":"0.000708215297"}],"ResponseHeaders":[{"Name":"Cache-Control","Value":"max-age=31536000, immutable"},{"Name":"Content-Encoding","Value":"gzip"},{"Name":"Content-Length","Value":"1411"},{"Name":"Content-Type","Value":"text/javascript"},{"Name":"ETag","Value":"\"XS7Zwd6dcc09p4crk/NKwj3eSUvtlTW6w0WQyu9ZrWw=\""},{"Name":"Last-Modified","Value":"Fri, 27 Feb 2026 15:22:51 GMT"},{"Name":"Vary","Value":"Accept-Encoding"}],"EndpointProperties":[{"Name":"fingerprint","Value":"06qnl9dd3g"},{"Name":"integrity","Value":"sha256-yBJlWG+/L4LwNHNke/BQWLOfKats+7Of1EwPm8utnj8="},{"Name":"label","Value":"Archuskha-Web.js"},{"Name":"original-resource","Value":"\"yBJlWG+/L4LwNHNke/BQWLOfKats+7Of1EwPm8utnj8=\""}]},{"Route":"Archuskha-Web.06qnl9dd3g.js","AssetFile":"Archuskha-Web.js.br","Selectors":[{"Name":"Content-Encoding","Value":"br","Quality":"0.000815660685"}],"ResponseHeaders":[{"Name":"Cache-Control","Value":"max-age=31536000, immutable"},{"Name":"Content-Encoding","Value":"br"},{"Name":"Content-Length","Value":"1225"},{"Name":"Content-Type","Value":"text/javascript"},{"Name":"ETag","Value":"\"ndnaCdud2CKPJiS6PCnw7i3DDKhZSDCSL0BrZAS3qGM=\""},{"Name":"Last-Modified","Value":"Fri, 27 Feb 2026 15:22:51 GMT"},{"Name":"Vary","Value":"Accept-Encoding"}],"EndpointProperties":[{"Name":"fingerprint","Value":"06qnl9dd3g"},{"Name":"integrity","Value":"sha256-yBJlWG+/L4LwNHNke/BQWLOfKats+7Of1EwPm8utnj8="},{"Name":"label","Value":"Archuskha-Web.js"},{"Name":"original-resource","Value":"\"yBJlWG+/L4LwNHNke/BQWLOfKats+7Of1EwPm8utnj8=\""}]},{"Route":"Archuskha-Web.06qnl9dd3g.js","AssetFile":"Archuskha-Web.js","Selectors":[],"ResponseHeaders":[{"Name":"Cache-Control","Value":"max-age=31536000, immutable"},{"Name":"Content-Length","Value":"4709"},{"Name":"Content-Type","Value":"text/javascript"},{"Name":"ETag","Value":"\"yBJlWG+/L4LwNHNke/BQWLOfKats+7Of1EwPm8utnj8=\""},{"Name":"Last-Modified","Value":"Fri, 27 Feb 2026 15:06:31 GMT"},{"Name":"Vary","Value":"Accept-Encoding"}],"EndpointProperties":[{"Name":"fingerprint","Value":"06qnl9dd3g"},{"Name":"integrity","Value":"sha256-yBJlWG+/L4LwNHNke/BQWLOfKats+7Of1EwPm8utnj8="},{"Name":"label","Value":"Archuskha-Web.js"}]},{"Route":"Archuskha-Web.06qnl9dd3g.js.br","AssetFile":"Archuskha-Web.js.br","Selectors":[],"ResponseHeaders":[{"Name":"Cache-Control","Value":"max-age=31536000, immutable"},{"Name":"Content-Encoding","Value":"br"},{"Name":"Content-Length","Value":"1225"},{"Name":"Content-Type","Value":"text/javascript"},{"Name":"ETag","Value":"\"ndnaCdud2CKPJiS6PCnw7i3DDKhZSDCSL0BrZAS3qGM=\""},{"Name":"Last-Modified","Value":"Fri, 27 Feb 2026 15:22:51 GMT"},{"Name":"Vary","Value":"Accept-Encoding"}],"EndpointProperties":[{"Name":"fingerprint","Value":"06qnl9dd3g"},{"Name":"integrity","Value":"sha256-ndnaCdud2CKPJiS6PCnw7i3DDKhZSDCSL0BrZAS3qGM="},{"Name":"label","Value":"Archuskha-Web.js.br"}]},{"Route":"Archuskha-Web.06qnl9dd3g.js.gz","AssetFile":"Archuskha-Web.js.gz","Selectors":[],"ResponseHeaders":[{"Name":"Cache-Control","Value":"max-age=31536000, immutable"},{"Name":"Content-Encoding","Value":"gzip"},{"Name":"Content-Length","Value":"1411"},{"Name":"Content-Type","Value":"text/javascript"},{"Name":"ETag","Value":"\"XS7Zwd6dcc09p4crk/NKwj3eSUvtlTW6w0WQyu9ZrWw=\""},{"Name":"Last-Modified","Value":"Fri, 27 Feb 2026 15:22:51 GMT"},{"Name":"Vary","Value":"Accept-Encoding"}],"EndpointProperties":[{"Name":"fingerprint","Value":"06qnl9dd3g"},{"Name":"integrity","Value":"sha256-XS7Zwd6dcc09p4crk/NKwj3eSUvtlTW6w0WQyu9ZrWw="},{"Name":"label","Value":"Archuskha-Web.js.gz"}]},{"Route":"Archuskha-Web.css","AssetFile":"Archuskha-Web.css.br","Selectors":[{"Name":"Content-Encoding","Value":"br","Quality":"0.001314060447"}],"ResponseHeaders":[{"Name":"Cache-Control","Value":"no-cache"},{"Name":"Content-Encoding","Value":"br"},{"Name":"Content-Length","Value":"760"},{"Name":"Content-Type","Value":"text/css"},{"Name":"ETag","Value":"\"Z1LxxY2diPqFMNHLVT7T1eX1xFDvhvTE1fmN6TFNsfQ=\""},{"Name":"Last-Modified","Value":"Fri, 27 Feb 2026 15:22:51 GMT"},{"Name":"Vary","Value":"Accept-Encoding"}],"EndpointProperties":[{"Name":"integrity","Value":"sha256-QNObI3op8kjpjtOZB87I6m4Sz6a6MMvWui0FPGasCYY="},{"Name":"original-resource","Value":"\"QNObI3op8kjpjtOZB87I6m4Sz6a6MMvWui0FPGasCYY=\""}]},{"Route":"Archuskha-Web.css","AssetFile":"Archuskha-Web.css.gz","Selectors":[{"Name":"Content-Encoding","Value":"gzip","Quality":"0.001086956522"}],"ResponseHeaders":[{"Name":"Cache-Control","Value":"no-cache"},{"Name":"Content-Encoding","Value":"gzip"},{"Name":"Content-Length","Value":"919"},{"Name":"Content-Type","Value":"text/css"},{"Name":"ETag","Value":"\"R4Xc9lGBnppM3fV4jOrX4RxgS+mwOqvQOONliM0hamM=\""},{"Name":"Last-Modified","Value":"Fri, 27 Feb 2026 15:22:51 GMT"},{"Name":"Vary","Value":"Accept-Encoding"}],"EndpointProperties":[{"Name":"integrity","Value":"sha256-QNObI3op8kjpjtOZB87I6m4Sz6a6MMvWui0FPGasCYY="},{"Name":"original-resource","Value":"\"QNObI3op8kjpjtOZB87I6m4Sz6a6MMvWui0FPGasCYY=\""}]},{"Route":"Archuskha-Web.css","AssetFile":"Archuskha-Web.css","Selectors":[],"ResponseHeaders":[{"Name":"Cache-Control","Value":"no-cache"},{"Name":"Content-Length","Value":"2278"},{"Name":"Content-Type","Value":"text/css"},{"Name":"ETag","Value":"\"QNObI3op8kjpjtOZB87I6m4Sz6a6MMvWui0FPGasCYY=\""},{"Name":"Last-Modified","Value":"Fri, 27 Feb 2026 14:50:04 GMT"},{"Name":"Vary","Value":"Accept-Encoding"}],"EndpointProperties":[{"Name":"integrity","Value":"sha256-QNObI3op8kjpjtOZB87I6m4Sz6a6MMvWui0FPGasCYY="}]},{"Route":"Archuskha-Web.css.br","AssetFile":"Archuskha-Web.css.br","Selectors":[],"ResponseHeaders":[{"Name":"Cache-Control","Value":"no-cache"},{"Name":"Content-Encoding","Value":"br"},{"Name":"Content-Length","Value":"760"},{"Name":"Content-Type","Value":"text/css"},{"Name":"ETag","Value":"\"Z1LxxY2diPqFMNHLVT7T1eX1xFDvhvTE1fmN6TFNsfQ=\""},{"Name":"Last-Modified","Value":"Fri, 27 Feb 2026 15:22:51 GMT"},{"Name":"Vary","Value":"Accept-Encoding"}],"EndpointProperties":[{"Name":"integrity","Value":"sha256-Z1LxxY2diPqFMNHLVT7T1eX1xFDvhvTE1fmN6TFNsfQ="}]},{"Route":"Archuskha-Web.css.gz","AssetFile":"Archuskha-Web.css.gz","Selectors":[],"ResponseHeaders":[{"Name":"Cache-Control","Value":"no-cache"},{"Name":"Content-Encoding","Value":"gzip"},{"Name":"Content-Length","Value":"919"},{"Name":"Content-Type","Value":"text/css"},{"Name":"ETag","Value":"\"R4Xc9lGBnppM3fV4jOrX4RxgS+mwOqvQOONliM0hamM=\""},{"Name":"Last-Modified","Value":"Fri, 27 Feb 2026 15:22:51 GMT"},{"Name":"Vary","Value":"Accept-Encoding"}],"EndpointProperties":[{"Name":"integrity","Value":"sha256-R4Xc9lGBnppM3fV4jOrX4RxgS+mwOqvQOONliM0hamM="}]},{"Route":"Archuskha-Web.html","AssetFile":"Archuskha-Web.html.gz","Selectors":[{"Name":"Content-Encoding","Value":"gzip","Quality":"0.000892857143"}],"ResponseHeaders":[{"Name":"Cache-Control","Value":"no-cache"},{"Name":"Content-Encoding","Value":"gzip"},{"Name":"Content-Length","Value":"1119"},{"Name":"Content-Type","Value":"text/html"},{"Name":"ETag","Value":"\"bvxdmAFJS8AkQrfs686CVV8Ykc59wEU2/+oixwGUN/o=\""},{"Name":"Last-Modified","Value":"Fri, 27 Feb 2026 15:22:51 GMT"},{"Name":"Vary","Value":"Accept-Encoding"}],"EndpointProperties":[{"Name":"integrity","Value":"sha256-rFUg3wY97NG89CDJlo+vxFGGWt7deU8hxX4ed/ZLDCU="},{"Name":"original-resource","Value":"\"rFUg3wY97NG89CDJlo+vxFGGWt7deU8hxX4ed/ZLDCU=\""}]},{"Route":"Archuskha-Web.html","AssetFile":"Archuskha-Web.html.br","Selectors":[{"Name":"Content-Encoding","Value":"br","Quality":"0.001212121212"}],"ResponseHeaders":[{"Name":"Cache-Control","Value":"no-cache"},{"Name":"Content-Encoding","Value":"br"},{"Name":"Content-Length","Value":"824"},{"Name":"Content-Type","Value":"text/html"},{"Name":"ETag","Value":"\"KbuOuooIQ9qb/FStvyGs9GKwuel60MMLDz3Kf0MT0Vg=\""},{"Name":"Last-Modified","Value":"Fri, 27 Feb 2026 15:22:51 GMT"},{"Name":"Vary","Value":"Accept-Encoding"}],"EndpointProperties":[{"Name":"integrity","Value":"sha256-rFUg3wY97NG89CDJlo+vxFGGWt7deU8hxX4ed/ZLDCU="},{"Name":"original-resource","Value":"\"rFUg3wY97NG89CDJlo+vxFGGWt7deU8hxX4ed/ZLDCU=\""}]},{"Route":"Archuskha-Web.html","AssetFile":"Archuskha-Web.html","Selectors":[],"ResponseHeaders":[{"Name":"Cache-Control","Value":"no-cache"},{"Name":"Content-Length","Value":"4296"},{"Name":"Content-Type","Value":"text/html"},{"Name":"ETag","Value":"\"rFUg3wY97NG89CDJlo+vxFGGWt7deU8hxX4ed/ZLDCU=\""},{"Name":"Last-Modified","Value":"Fri, 27 Feb 2026 14:56:03 GMT"},{"Name":"Vary","Value":"Accept-Encoding"}],"EndpointProperties":[{"Name":"integrity","Value":"sha256-rFUg3wY97NG89CDJlo+vxFGGWt7deU8hxX4ed/ZLDCU="}]},{"Route":"Archuskha-Web.html.br","AssetFile":"Archuskha-Web.html.br","Selectors":[],"ResponseHeaders":[{"Name":"Cache-Control","Value":"no-cache"},{"Name":"Content-Encoding","Value":"br"},{"Name":"Content-Length","Value":"824"},{"Name":"Content-Type","Value":"text/html"},{"Name":"ETag","Value":"\"KbuOuooIQ9qb/FStvyGs9GKwuel60MMLDz3Kf0MT0Vg=\""},{"Name":"Last-Modified","Value":"Fri, 27 Feb 2026 15:22:51 GMT"},{"Name":"Vary","Value":"Accept-Encoding"}],"EndpointProperties":[{"Name":"integrity","Value":"sha256-KbuOuooIQ9qb/FStvyGs9GKwuel60MMLDz3Kf0MT0Vg="}]},{"Route":"Archuskha-Web.html.gz","AssetFile":"Archuskha-Web.html.gz","Selectors":[],"ResponseHeaders":[{"Name":"Cache-Control","Value":"no-cache"},{"Name":"Content-Encoding","Value":"gzip"},{"Name":"Content-Length","Value":"1119"},{"Name":"Content-Type","Value":"text/html"},{"Name":"ETag","Value":"\"bvxdmAFJS8AkQrfs686CVV8Ykc59wEU2/+oixwGUN/o=\""},{"Name":"Last-Modified","Value":"Fri, 27 Feb 2026 15:22:51 GMT"},{"Name":"Vary","Value":"Accept-Encoding"}],"EndpointProperties":[{"Name":"integrity","Value":"sha256-bvxdmAFJS8AkQrfs686CVV8Ykc59wEU2/+oixwGUN/o="}]},{"Route":"Archuskha-Web.js","AssetFile":"Archuskha-Web.js.gz","Selectors":[{"Name":"Content-Encoding","Value":"gzip","Quality":"0.000708215297"}],"ResponseHeaders":[{"Name":"Cache-Control","Value":"no-cache"},{"Name":"Content-Encoding","Value":"gzip"},{"Name":"Content-Length","Value":"1411"},{"Name":"Content-Type","Value":"text/javascript"},{"Name":"ETag","Value":"\"XS7Zwd6dcc09p4crk/NKwj3eSUvtlTW6w0WQyu9ZrWw=\""},{"Name":"Last-Modified","Value":"Fri, 27 Feb 2026 15:22:51 GMT"},{"Name":"Vary","Value":"Accept-Encoding"}],"EndpointProperties":[{"Name":"integrity","Value":"sha256-yBJlWG+/L4LwNHNke/BQWLOfKats+7Of1EwPm8utnj8="},{"Name":"original-resource","Value":"\"yBJlWG+/L4LwNHNke/BQWLOfKats+7Of1EwPm8utnj8=\""}]},{"Route":"Archuskha-Web.js","AssetFile":"Archuskha-Web.js.br","Selectors":[{"Name":"Content-Encoding","Value":"br","Quality":"0.000815660685"}],"ResponseHeaders":[{"Name":"Cache-Control","Value":"no-cache"},{"Name":"Content-Encoding","Value":"br"},{"Name":"Content-Length","Value":"1225"},{"Name":"Content-Type","Value":"text/javascript"},{"Name":"ETag","Value":"\"ndnaCdud2CKPJiS6PCnw7i3DDKhZSDCSL0BrZAS3qGM=\""},{"Name":"Last-Modified","Value":"Fri, 27 Feb 2026 15:22:51 GMT"},{"Name":"Vary","Value":"Accept-Encoding"}],"EndpointProperties":[{"Name":"integrity","Value":"sha256-yBJlWG+/L4LwNHNke/BQWLOfKats+7Of1EwPm8utnj8="},{"Name":"original-resource","Value":"\"yBJlWG+/L4LwNHNke/BQWLOfKats+7Of1EwPm8utnj8=\""}]},{"Route":"Archuskha-Web.js","AssetFile":"Archuskha-Web.js","Selectors":[],"ResponseHeaders":[{"Name":"Cache-Control","Value":"no-cache"},{"Name":"Content-Length","Value":"4709"},{"Name":"Content-Type","Value":"text/javascript"},{"Name":"ETag","Value":"\"yBJlWG+/L4LwNHNke/BQWLOfKats+7Of1EwPm8utnj8=\""},{"Name":"Last-Modified","Value":"Fri, 27 Feb 2026 15:06:31 GMT"},{"Name":"Vary","Value":"Accept-Encoding"}],"EndpointProperties":[{"Name":"integrity","Value":"sha256-yBJlWG+/L4LwNHNke/BQWLOfKats+7Of1EwPm8utnj8="}]},{"Route":"Archuskha-Web.js.br","AssetFile":"Archuskha-Web.js.br","Selectors":[],"ResponseHeaders":[{"Name":"Cache-Control","Value":"no-cache"},{"Name":"Content-Encoding","Value":"br"},{"Name":"Content-Length","Value":"1225"},{"Name":"Content-Type","Value":"text/javascript"},{"Name":"ETag","Value":"\"ndnaCdud2CKPJiS6PCnw7i3DDKhZSDCSL0BrZAS3qGM=\""},{"Name":"Last-Modified","Value":"Fri, 27 Feb 2026 15:22:51 GMT"},{"Name":"Vary","Value":"Accept-Encoding"}],"EndpointProperties":[{"Name":"integrity","Value":"sha256-ndnaCdud2CKPJiS6PCnw7i3DDKhZSDCSL0BrZAS3qGM="}]},{"Route":"Archuskha-Web.js.gz","AssetFile":"Archuskha-Web.js.gz","Selectors":[],"ResponseHeaders":[{"Name":"Cache-Control","Value":"no-cache"},{"Name":"Content-Encoding","Value":"gzip"},{"Name":"Content-Length","Value":"1411"},{"Name":"Content-Type","Value":"text/javascript"},{"Name":"ETag","Value":"\"XS7Zwd6dcc09p4crk/NKwj3eSUvtlTW6w0WQyu9ZrWw=\""},{"Name":"Last-Modified","Value":"Fri, 27 Feb 2026 15:22:51 GMT"},{"Name":"Vary","Value":"Accept-Encoding"}],"EndpointProperties":[{"Name":"integrity","Value":"sha256-XS7Zwd6dcc09p4crk/NKwj3eSUvtlTW6w0WQyu9ZrWw="}]},{"Route":"Archuskha-Web.se8vecvs18.html","AssetFile":"Archuskha-Web.html.gz","Selectors":[{"Name":"Content-Encoding","Value":"gzip","Quality":"0.000892857143"}],"ResponseHeaders":[{"Name":"Cache-Control","Value":"max-age=31536000, immutable"},{"Name":"Content-Encoding","Value":"gzip"},{"Name":"Content-Length","Value":"1119"},{"Name":"Content-Type","Value":"text/html"},{"Name":"ETag","Value":"\"bvxdmAFJS8AkQrfs686CVV8Ykc59wEU2/+oixwGUN/o=\""},{"Name":"Last-Modified","Value":"Fri, 27 Feb 2026 15:22:51 GMT"},{"Name":"Vary","Value":"Accept-Encoding"}],"EndpointProperties":[{"Name":"fingerprint","Value":"se8vecvs18"},{"Name":"integrity","Value":"sha256-rFUg3wY97NG89CDJlo+vxFGGWt7deU8hxX4ed/ZLDCU="},{"Name":"label","Value":"Archuskha-Web.html"},{"Name":"original-resource","Value":"\"rFUg3wY97NG89CDJlo+vxFGGWt7deU8hxX4ed/ZLDCU=\""}]},{"Route":"Archuskha-Web.se8vecvs18.html","AssetFile":"Archuskha-Web.html.br","Selectors":[{"Name":"Content-Encoding","Value":"br","Quality":"0.001212121212"}],"ResponseHeaders":[{"Name":"Cache-Control","Value":"max-age=31536000, immutable"},{"Name":"Content-Encoding","Value":"br"},{"Name":"Content-Length","Value":"824"},{"Name":"Content-Type","Value":"text/html"},{"Name":"ETag","Value":"\"KbuOuooIQ9qb/FStvyGs9GKwuel60MMLDz3Kf0MT0Vg=\""},{"Name":"Last-Modified","Value":"Fri, 27 Feb 2026 15:22:51 GMT"},{"Name":"Vary","Value":"Accept-Encoding"}],"EndpointProperties":[{"Name":"fingerprint","Value":"se8vecvs18"},{"Name":"integrity","Value":"sha256-rFUg3wY97NG89CDJlo+vxFGGWt7deU8hxX4ed/ZLDCU="},{"Name":"label","Value":"Archuskha-Web.html"},{"Name":"original-resource","Value":"\"rFUg3wY97NG89CDJlo+vxFGGWt7deU8hxX4ed/ZLDCU=\""}]},{"Route":"Archuskha-Web.se8vecvs18.html","AssetFile":"Archuskha-Web.html","Selectors":[],"ResponseHeaders":[{"Name":"Cache-Control","Value":"max-age=31536000, immutable"},{"Name":"Content-Length","Value":"4296"},{"Name":"Content-Type","Value":"text/html"},{"Name":"ETag","Value":"\"rFUg3wY97NG89CDJlo+vxFGGWt7deU8hxX4ed/ZLDCU=\""},{"Name":"Last-Modified","Value":"Fri, 27 Feb 2026 14:56:03 GMT"},{"Name":"Vary","Value":"Accept-Encoding"}],"EndpointProperties":[{"Name":"fingerprint","Value":"se8vecvs18"},{"Name":"integrity","Value":"sha256-rFUg3wY97NG89CDJlo+vxFGGWt7deU8hxX4ed/ZLDCU="},{"Name":"label","Value":"Archuskha-Web.html"}]},{"Route":"Archuskha-Web.se8vecvs18.html.br","AssetFile":"Archuskha-Web.html.br","Selectors":[],"ResponseHeaders":[{"Name":"Cache-Control","Value":"max-age=31536000, immutable"},{"Name":"Content-Encoding","Value":"br"},{"Name":"Content-Length","Value":"824"},{"Name":"Content-Type","Value":"text/html"},{"Name":"ETag","Value":"\"KbuOuooIQ9qb/FStvyGs9GKwuel60MMLDz3Kf0MT0Vg=\""},{"Name":"Last-Modified","Value":"Fri, 27 Feb 2026 15:22:51 GMT"},{"Name":"Vary","Value":"Accept-Encoding"}],"EndpointProperties":[{"Name":"fingerprint","Value":"se8vecvs18"},{"Name":"integrity","Value":"sha256-KbuOuooIQ9qb/FStvyGs9GKwuel60MMLDz3Kf0MT0Vg="},{"Name":"label","Value":"Archuskha-Web.html.br"}]},{"Route":"Archuskha-Web.se8vecvs18.html.gz","AssetFile":"Archuskha-Web.html.gz","Selectors":[],"ResponseHeaders":[{"Name":"Cache-Control","Value":"max-age=31536000, immutable"},{"Name":"Content-Encoding","Value":"gzip"},{"Name":"Content-Length","Value":"1119"},{"Name":"Content-Type","Value":"text/html"},{"Name":"ETag","Value":"\"bvxdmAFJS8AkQrfs686CVV8Ykc59wEU2/+oixwGUN/o=\""},{"Name":"Last-Modified","Value":"Fri, 27 Feb 2026 15:22:51 GMT"},{"Name":"Vary","Value":"Accept-Encoding"}],"EndpointProperties":[{"Name":"fingerprint","Value":"se8vecvs18"},{"Name":"integrity","Value":"sha256-bvxdmAFJS8AkQrfs686CVV8Ykc59wEU2/+oixwGUN/o="},{"Name":"label","Value":"Archuskha-Web.html.gz"}]},{"Route":"Archuskha-Web.wsjisz3jxa.css","AssetFile":"Archuskha-Web.css.br","Selectors":[{"Name":"Content-Encoding","Value":"br","Quality":"0.001314060447"}],"ResponseHeaders":[{"Name":"Cache-Control","Value":"max-age=31536000, immutable"},{"Name":"Content-Encoding","Value":"br"},{"Name":"Content-Length","Value":"760"},{"Name":"Content-Type","Value":"text/css"},{"Name":"ETag","Value":"\"Z1LxxY2diPqFMNHLVT7T1eX1xFDvhvTE1fmN6TFNsfQ=\""},{"Name":"Last-Modified","Value":"Fri, 27 Feb 2026 15:22:51 GMT"},{"Name":"Vary","Value":"Accept-Encoding"}],"EndpointProperties":[{"Name":"fingerprint","Value":"wsjisz3jxa"},{"Name":"integrity","Value":"sha256-QNObI3op8kjpjtOZB87I6m4Sz6a6MMvWui0FPGasCYY="},{"Name":"label","Value":"Archuskha-Web.css"},{"Name":"original-resource","Value":"\"QNObI3op8kjpjtOZB87I6m4Sz6a6MMvWui0FPGasCYY=\""}]},{"Route":"Archuskha-Web.wsjisz3jxa.css","AssetFile":"Archuskha-Web.css.gz","Selectors":[{"Name":"Content-Encoding","Value":"gzip","Quality":"0.001086956522"}],"ResponseHeaders":[{"Name":"Cache-Control","Value":"max-age=31536000, immutable"},{"Name":"Content-Encoding","Value":"gzip"},{"Name":"Content-Length","Value":"919"},{"Name":"Content-Type","Value":"text/css"},{"Name":"ETag","Value":"\"R4Xc9lGBnppM3fV4jOrX4RxgS+mwOqvQOONliM0hamM=\""},{"Name":"Last-Modified","Value":"Fri, 27 Feb 2026 15:22:51 GMT"},{"Name":"Vary","Value":"Accept-Encoding"}],"EndpointProperties":[{"Name":"fingerprint","Value":"wsjisz3jxa"},{"Name":"integrity","Value":"sha256-QNObI3op8kjpjtOZB87I6m4Sz6a6MMvWui0FPGasCYY="},{"Name":"label","Value":"Archuskha-Web.css"},{"Name":"original-resource","Value":"\"QNObI3op8kjpjtOZB87I6m4Sz6a6MMvWui0FPGasCYY=\""}]},{"Route":"Archuskha-Web.wsjisz3jxa.css","AssetFile":"Archuskha-Web.css","Selectors":[],"ResponseHeaders":[{"Name":"Cache-Control","Value":"max-age=31536000, immutable"},{"Name":"Content-Length","Value":"2278"},{"Name":"Content-Type","Value":"text/css"},{"Name":"ETag","Value":"\"QNObI3op8kjpjtOZB87I6m4Sz6a6MMvWui0FPGasCYY=\""},{"Name":"Last-Modified","Value":"Fri, 27 Feb 2026 14:50:04 GMT"},{"Name":"Vary","Value":"Accept-Encoding"}],"EndpointProperties":[{"Name":"fingerprint","Value":"wsjisz3jxa"},{"Name":"integrity","Value":"sha256-QNObI3op8kjpjtOZB87I6m4Sz6a6MMvWui0FPGasCYY="},{"Name":"label","Value":"Archuskha-Web.css"}]},{"Route":"Archuskha-Web.wsjisz3jxa.css.br","AssetFile":"Archuskha-Web.css.br","Selectors":[],"ResponseHeaders":[{"Name":"Cache-Control","Value":"max-age=31536000, immutable"},{"Name":"Content-Encoding","Value":"br"},{"Name":"Content-Length","Value":"760"},{"Name":"Content-Type","Value":"text/css"},{"Name":"ETag","Value":"\"Z1LxxY2diPqFMNHLVT7T1eX1xFDvhvTE1fmN6TFNsfQ=\""},{"Name":"Last-Modified","Value":"Fri, 27 Feb 2026 15:22:51 GMT"},{"Name":"Vary","Value":"Accept-Encoding"}],"EndpointProperties":[{"Name":"fingerprint","Value":"wsjisz3jxa"},{"Name":"integrity","Value":"sha256-Z1LxxY2diPqFMNHLVT7T1eX1xFDvhvTE1fmN6TFNsfQ="},{"Name":"label","Value":"Archuskha-Web.css.br"}]},{"Route":"Archuskha-Web.wsjisz3jxa.css.gz","AssetFile":"Archuskha-Web.css.gz","Selectors":[],"ResponseHeaders":[{"Name":"Cache-Control","Value":"max-age=31536000, immutable"},{"Name":"Content-Encoding","Value":"gzip"},{"Name":"Content-Length","Value":"919"},{"Name":"Content-Type","Value":"text/css"},{"Name":"ETag","Value":"\"R4Xc9lGBnppM3fV4jOrX4RxgS+mwOqvQOONliM0hamM=\""},{"Name":"Last-Modified","Value":"Fri, 27 Feb 2026 15:22:51 GMT"},{"Name":"Vary","Value":"Accept-Encoding"}],"EndpointProperties":[{"Name":"fingerprint","Value":"wsjisz3jxa"},{"Name":"integrity","Value":"sha256-R4Xc9lGBnppM3fV4jOrX4RxgS+mwOqvQOONliM0hamM="},{"Name":"label","Value":"Archuskha-Web.css.gz"}]}]}