{"Version":1,"ManifestType":"Publish","Endpoints":[{"Route":"Archuskha-Web.aclrzgbm6t.html","AssetFile":"Archuskha-Web.html.gz","Selectors":[{"Name":"Content-Encoding","Value":"gzip","Quality":"0.000600240096"}],"ResponseHeaders":[{"Name":"Cache-Control","Value":"max-age=31536000, immutable"},{"Name":"Content-Encoding","Value":"gzip"},{"Name":"Content-Length","Value":"1665"},{"Name":"Content-Type","Value":"text/html"},{"Name":"ETag","Value":"\"Cbba0n8s7UUHW9DLIR/5adPTv5z9G/2wtE33olrZBoc=\""},{"Name":"Last-Modified","Value":"Fri, 27 Feb 2026 17:17:01 GMT"},{"Name":"Vary","Value":"Accept-Encoding"}],"EndpointProperties":[{"Name":"fingerprint","Value":"aclrzgbm6t"},{"Name":"integrity","Value":"sha256-NuiX/AN1OijLsm4/X3iMXirKFjGl4TnsqQ7KeYz6Wfk="},{"Name":"label","Value":"Archuskha-Web.html"},{"Name":"original-resource","Value":"\"NuiX/AN1OijLsm4/X3iMXirKFjGl4TnsqQ7KeYz6Wfk=\""}]},{"Route":"Archuskha-Web.aclrzgbm6t.html","AssetFile":"Archuskha-Web.html.br","Selectors":[{"Name":"Content-Encoding","Value":"br","Quality":"0.000750187547"}],"ResponseHeaders":[{"Name":"Cache-Control","Value":"max-age=31536000, immutable"},{"Name":"Content-Encoding","Value":"br"},{"Name":"Content-Length","Value":"1332"},{"Name":"Content-Type","Value":"text/html"},{"Name":"ETag","Value":"\"MMXupBKHRaSMqTasa5QiD3d8EG4ieE7eVXxyRrEbTvw=\""},{"Name":"Last-Modified","Value":"Fri, 27 Feb 2026 17:17:01 GMT"},{"Name":"Vary","Value":"Accept-Encoding"}],"EndpointProperties":[{"Name":"fingerprint","Value":"aclrzgbm6t"},{"Name":"integrity","Value":"sha256-NuiX/AN1OijLsm4/X3iMXirKFjGl4TnsqQ7KeYz6Wfk="},{"Name":"label","Value":"Archuskha-Web.html"},{"Name":"original-resource","Value":"\"NuiX/AN1OijLsm4/X3iMXirKFjGl4TnsqQ7KeYz6Wfk=\""}]},{"Route":"Archuskha-Web.aclrzgbm6t.html","AssetFile":"Archuskha-Web.html","Selectors":[],"ResponseHeaders":[{"Name":"Cache-Control","Value":"max-age=31536000, immutable"},{"Name":"Content-Length","Value":"5888"},{"Name":"Content-Type","Value":"text/html"},{"Name":"ETag","Value":"\"NuiX/AN1OijLsm4/X3iMXirKFjGl4TnsqQ7KeYz6Wfk=\""},{"Name":"Last-Modified","Value":"Fri, 27 Feb 2026 17:14:26 GMT"},{"Name":"Vary","Value":"Accept-Encoding"}],"EndpointProperties":[{"Name":"fingerprint","Value":"aclrzgbm6t"},{"Name":"integrity","Value":"sha256-NuiX/AN1OijLsm4/X3iMXirKFjGl4TnsqQ7KeYz6Wfk="},{"Name":"label","Value":"Archuskha-Web.html"}]},{"Route":"Archuskha-Web.aclrzgbm6t.html.br","AssetFile":"Archuskha-Web.html.br","Selectors":[],"ResponseHeaders":[{"Name":"Cache-Control","Value":"max-age=31536000, immutable"},{"Name":"Content-Encoding","Value":"br"},{"Name":"Content-Length","Value":"1332"},{"Name":"Content-Type","Value":"text/html"},{"Name":"ETag","Value":"\"MMXupBKHRaSMqTasa5QiD3d8EG4ieE7eVXxyRrEbTvw=\""},{"Name":"Last-Modified","Value":"Fri, 27 Feb 2026 17:17:01 GMT"},{"Name":"Vary","Value":"Accept-Encoding"}],"EndpointProperties":[{"Name":"fingerprint","Value":"aclrzgbm6t"},{"Name":"integrity","Value":"sha256-MMXupBKHRaSMqTasa5QiD3d8EG4ieE7eVXxyRrEbTvw="},{"Name":"label","Value":"Archuskha-Web.html.br"}]},{"Route":"Archuskha-Web.aclrzgbm6t.html.gz","AssetFile":"Archuskha-Web.html.gz","Selectors":[],"ResponseHeaders":[{"Name":"Cache-Control","Value":"max-age=31536000, immutable"},{"Name":"Content-Encoding","Value":"gzip"},{"Name":"Content-Length","Value":"1665"},{"Name":"Content-Type","Value":"text/html"},{"Name":"ETag","Value":"\"Cbba0n8s7UUHW9DLIR/5adPTv5z9G/2wtE33olrZBoc=\""},{"Name":"Last-Modified","Value":"Fri, 27 Feb 2026 17:17:01 GMT"},{"Name":"Vary","Value":"Accept-Encoding"}],"EndpointProperties":[{"Name":"fingerprint","Value":"aclrzgbm6t"},{"Name":"integrity","Value":"sha256-Cbba0n8s7UUHW9DLIR/5adPTv5z9G/2wtE33olrZBoc="},{"Name":"label","Value":"Archuskha-Web.html.gz"}]},{"Route":"Archuskha-Web.css","AssetFile":"Archuskha-Web.css.br","Selectors":[{"Name":"Content-Encoding","Value":"br","Quality":"0.001226993865"}],"ResponseHeaders":[{"Name":"Cache-Control","Value":"no-cache"},{"Name":"Content-Encoding","Value":"br"},{"Name":"Content-Length","Value":"814"},{"Name":"Content-Type","Value":"text/css"},{"Name":"ETag","Value":"\"ZSzEaDoq9tflNvZ/EGgQwINdHdTNdNE0h+2Vmg4eEMc=\""},{"Name":"Last-Modified","Value":"Fri, 27 Feb 2026 17:17:01 GMT"},{"Name":"Vary","Value":"Accept-Encoding"}],"EndpointProperties":[{"Name":"integrity","Value":"sha256-Inq530Q1vABL9ZafxSBJNnaib9yOgCZmqNU5iBHeLCw="},{"Name":"original-resource","Value":"\"Inq530Q1vABL9ZafxSBJNnaib9yOgCZmqNU5iBHeLCw=\""}]},{"Route":"Archuskha-Web.css","AssetFile":"Archuskha-Web.css.gz","Selectors":[{"Name":"Content-Encoding","Value":"gzip","Quality":"0.001012145749"}],"ResponseHeaders":[{"Name":"Cache-Control","Value":"no-cache"},{"Name":"Content-Encoding","Value":"gzip"},{"Name":"Content-Length","Value":"987"},{"Name":"Content-Type","Value":"text/css"},{"Name":"ETag","Value":"\"VrfRjZorqTEfN2laWOT7+amBsYaptniQNpyAbyYhiro=\""},{"Name":"Last-Modified","Value":"Fri, 27 Feb 2026 17:17:01 GMT"},{"Name":"Vary","Value":"Accept-Encoding"}],"EndpointProperties":[{"Name":"integrity","Value":"sha256-Inq530Q1vABL9ZafxSBJNnaib9yOgCZmqNU5iBHeLCw="},{"Name":"original-resource","Value":"\"Inq530Q1vABL9ZafxSBJNnaib9yOgCZmqNU5iBHeLCw=\""}]},{"Route":"Archuskha-Web.css","AssetFile":"Archuskha-Web.css","Selectors":[],"ResponseHeaders":[{"Name":"Cache-Control","Value":"no-cache"},{"Name":"Content-Length","Value":"2702"},{"Name":"Content-Type","Value":"text/css"},{"Name":"ETag","Value":"\"Inq530Q1vABL9ZafxSBJNnaib9yOgCZmqNU5iBHeLCw=\""},{"Name":"Last-Modified","Value":"Fri, 27 Feb 2026 17:15:30 GMT"},{"Name":"Vary","Value":"Accept-Encoding"}],"EndpointProperties":[{"Name":"integrity","Value":"sha256-Inq530Q1vABL9ZafxSBJNnaib9yOgCZmqNU5iBHeLCw="}]},{"Route":"Archuskha-Web.css.br","AssetFile":"Archuskha-Web.css.br","Selectors":[],"ResponseHeaders":[{"Name":"Cache-Control","Value":"no-cache"},{"Name":"Content-Encoding","Value":"br"},{"Name":"Content-Length","Value":"814"},{"Name":"Content-Type","Value":"text/css"},{"Name":"ETag","Value":"\"ZSzEaDoq9tflNvZ/EGgQwINdHdTNdNE0h+2Vmg4eEMc=\""},{"Name":"Last-Modified","Value":"Fri, 27 Feb 2026 17:17:01 GMT"},{"Name":"Vary","Value":"Accept-Encoding"}],"EndpointProperties":[{"Name":"integrity","Value":"sha256-ZSzEaDoq9tflNvZ/EGgQwINdHdTNdNE0h+2Vmg4eEMc="}]},{"Route":"Archuskha-Web.css.gz","AssetFile":"Archuskha-Web.css.gz","Selectors":[],"ResponseHeaders":[{"Name":"Cache-Control","Value":"no-cache"},{"Name":"Content-Encoding","Value":"gzip"},{"Name":"Content-Length","Value":"987"},{"Name":"Content-Type","Value":"text/css"},{"Name":"ETag","Value":"\"VrfRjZorqTEfN2laWOT7+amBsYaptniQNpyAbyYhiro=\""},{"Name":"Last-Modified","Value":"Fri, 27 Feb 2026 17:17:01 GMT"},{"Name":"Vary","Value":"Accept-Encoding"}],"EndpointProperties":[{"Name":"integrity","Value":"sha256-VrfRjZorqTEfN2laWOT7+amBsYaptniQNpyAbyYhiro="}]},{"Route":"Archuskha-Web.html","AssetFile":"Archuskha-Web.html.gz","Selectors":[{"Name":"Content-Encoding","Value":"gzip","Quality":"0.000600240096"}],"ResponseHeaders":[{"Name":"Cache-Control","Value":"no-cache"},{"Name":"Content-Encoding","Value":"gzip"},{"Name":"Content-Length","Value":"1665"},{"Name":"Content-Type","Value":"text/html"},{"Name":"ETag","Value":"\"Cbba0n8s7UUHW9DLIR/5adPTv5z9G/2wtE33olrZBoc=\""},{"Name":"Last-Modified","Value":"Fri, 27 Feb 2026 17:17:01 GMT"},{"Name":"Vary","Value":"Accept-Encoding"}],"EndpointProperties":[{"Name":"integrity","Value":"sha256-NuiX/AN1OijLsm4/X3iMXirKFjGl4TnsqQ7KeYz6Wfk="},{"Name":"original-resource","Value":"\"NuiX/AN1OijLsm4/X3iMXirKFjGl4TnsqQ7KeYz6Wfk=\""}]},{"Route":"Archuskha-Web.html","AssetFile":"Archuskha-Web.html.br","Selectors":[{"Name":"Content-Encoding","Value":"br","Quality":"0.000750187547"}],"ResponseHeaders":[{"Name":"Cache-Control","Value":"no-cache"},{"Name":"Content-Encoding","Value":"br"},{"Name":"Content-Length","Value":"1332"},{"Name":"Content-Type","Value":"text/html"},{"Name":"ETag","Value":"\"MMXupBKHRaSMqTasa5QiD3d8EG4ieE7eVXxyRrEbTvw=\""},{"Name":"Last-Modified","Value":"Fri, 27 Feb 2026 17:17:01 GMT"},{"Name":"Vary","Value":"Accept-Encoding"}],"EndpointProperties":[{"Name":"integrity","Value":"sha256-NuiX/AN1OijLsm4/X3iMXirKFjGl4TnsqQ7KeYz6Wfk="},{"Name":"original-resource","Value":"\"NuiX/AN1OijLsm4/X3iMXirKFjGl4TnsqQ7KeYz6Wfk=\""}]},{"Route":"Archuskha-Web.html","AssetFile":"Archuskha-Web.html","Selectors":[],"ResponseHeaders":[{"Name":"Cache-Control","Value":"no-cache"},{"Name":"Content-Length","Value":"5888"},{"Name":"Content-Type","Value":"text/html"},{"Name":"ETag","Value":"\"NuiX/AN1OijLsm4/X3iMXirKFjGl4TnsqQ7KeYz6Wfk=\""},{"Name":"Last-Modified","Value":"Fri, 27 Feb 2026 17:14:26 GMT"},{"Name":"Vary","Value":"Accept-Encoding"}],"EndpointProperties":[{"Name":"integrity","Value":"sha256-NuiX/AN1OijLsm4/X3iMXirKFjGl4TnsqQ7KeYz6Wfk="}]},{"Route":"Archuskha-Web.html.br","AssetFile":"Archuskha-Web.html.br","Selectors":[],"ResponseHeaders":[{"Name":"Cache-Control","Value":"no-cache"},{"Name":"Content-Encoding","Value":"br"},{"Name":"Content-Length","Value":"1332"},{"Name":"Content-Type","Value":"text/html"},{"Name":"ETag","Value":"\"MMXupBKHRaSMqTasa5QiD3d8EG4ieE7eVXxyRrEbTvw=\""},{"Name":"Last-Modified","Value":"Fri, 27 Feb 2026 17:17:01 GMT"},{"Name":"Vary","Value":"Accept-Encoding"}],"EndpointProperties":[{"Name":"integrity","Value":"sha256-MMXupBKHRaSMqTasa5QiD3d8EG4ieE7eVXxyRrEbTvw="}]},{"Route":"Archuskha-Web.html.gz","AssetFile":"Archuskha-Web.html.gz","Selectors":[],"ResponseHeaders":[{"Name":"Cache-Control","Value":"no-cache"},{"Name":"Content-Encoding","Value":"gzip"},{"Name":"Content-Length","Value":"1665"},{"Name":"Content-Type","Value":"text/html"},{"Name":"ETag","Value":"\"Cbba0n8s7UUHW9DLIR/5adPTv5z9G/2wtE33olrZBoc=\""},{"Name":"Last-Modified","Value":"Fri, 27 Feb 2026 17:17:01 GMT"},{"Name":"Vary","Value":"Accept-Encoding"}],"EndpointProperties":[{"Name":"integrity","Value":"sha256-Cbba0n8s7UUHW9DLIR/5adPTv5z9G/2wtE33olrZBoc="}]},{"Route":"Archuskha-Web.js","AssetFile":"Archuskha-Web.js.gz","Selectors":[{"Name":"Content-Encoding","Value":"gzip","Quality":"0.000654022237"}],"ResponseHeaders":[{"Name":"Cache-Control","Value":"no-cache"},{"Name":"Content-Encoding","Value":"gzip"},{"Name":"Content-Length","Value":"1528"},{"Name":"Content-Type","Value":"text/javascript"},{"Name":"ETag","Value":"\"0LGVUe7gx51Y3QAihm/fAEJJkgMsHggqhTWwGvmZiks=\""},{"Name":"Last-Modified","Value":"Fri, 27 Feb 2026 17:17:01 GMT"},{"Name":"Vary","Value":"Accept-Encoding"}],"EndpointProperties":[{"Name":"integrity","Value":"sha256-02cC4pRTQnpd43/cmJTqaPmQVfrzR88s4Bqisrx8z/Q="},{"Name":"original-resource","Value":"\"02cC4pRTQnpd43/cmJTqaPmQVfrzR88s4Bqisrx8z/Q=\""}]},{"Route":"Archuskha-Web.js","AssetFile":"Archuskha-Web.js.br","Selectors":[{"Name":"Content-Encoding","Value":"br","Quality":"0.000755857899"}],"ResponseHeaders":[{"Name":"Cache-Control","Value":"no-cache"},{"Name":"Content-Encoding","Value":"br"},{"Name":"Content-Length","Value":"1322"},{"Name":"Content-Type","Value":"text/javascript"},{"Name":"ETag","Value":"\"x6VE6Qa45MWw6KU0w7GOPrsniMpxC/MvMjcWGYMVRVw=\""},{"Name":"Last-Modified","Value":"Fri, 27 Feb 2026 17:17:01 GMT"},{"Name":"Vary","Value":"Accept-Encoding"}],"EndpointProperties":[{"Name":"integrity","Value":"sha256-02cC4pRTQnpd43/cmJTqaPmQVfrzR88s4Bqisrx8z/Q="},{"Name":"original-resource","Value":"\"02cC4pRTQnpd43/cmJTqaPmQVfrzR88s4Bqisrx8z/Q=\""}]},{"Route":"Archuskha-Web.js","AssetFile":"Archuskha-Web.js","Selectors":[],"ResponseHeaders":[{"Name":"Cache-Control","Value":"no-cache"},{"Name":"Content-Length","Value":"6048"},{"Name":"Content-Type","Value":"text/javascript"},{"Name":"ETag","Value":"\"02cC4pRTQnpd43/cmJTqaPmQVfrzR88s4Bqisrx8z/Q=\""},{"Name":"Last-Modified","Value":"Fri, 27 Feb 2026 17:08:04 GMT"},{"Name":"Vary","Value":"Accept-Encoding"}],"EndpointProperties":[{"Name":"integrity","Value":"sha256-02cC4pRTQnpd43/cmJTqaPmQVfrzR88s4Bqisrx8z/Q="}]},{"Route":"Archuskha-Web.js.br","AssetFile":"Archuskha-Web.js.br","Selectors":[],"ResponseHeaders":[{"Name":"Cache-Control","Value":"no-cache"},{"Name":"Content-Encoding","Value":"br"},{"Name":"Content-Length","Value":"1322"},{"Name":"Content-Type","Value":"text/javascript"},{"Name":"ETag","Value":"\"x6VE6Qa45MWw6KU0w7GOPrsniMpxC/MvMjcWGYMVRVw=\""},{"Name":"Last-Modified","Value":"Fri, 27 Feb 2026 17:17:01 GMT"},{"Name":"Vary","Value":"Accept-Encoding"}],"EndpointProperties":[{"Name":"integrity","Value":"sha256-x6VE6Qa45MWw6KU0w7GOPrsniMpxC/MvMjcWGYMVRVw="}]},{"Route":"Archuskha-Web.js.gz","AssetFile":"Archuskha-Web.js.gz","Selectors":[],"ResponseHeaders":[{"Name":"Cache-Control","Value":"no-cache"},{"Name":"Content-Encoding","Value":"gzip"},{"Name":"Content-Length","Value":"1528"},{"Name":"Content-Type","Value":"text/javascript"},{"Name":"ETag","Value":"\"0LGVUe7gx51Y3QAihm/fAEJJkgMsHggqhTWwGvmZiks=\""},{"Name":"Last-Modified","Value":"Fri, 27 Feb 2026 17:17:01 GMT"},{"Name":"Vary","Value":"Accept-Encoding"}],"EndpointProperties":[{"Name":"integrity","Value":"sha256-0LGVUe7gx51Y3QAihm/fAEJJkgMsHggqhTWwGvmZiks="}]},{"Route":"Archuskha-Web.jsxv3ik8gs.js","AssetFile":"Archuskha-Web.js.gz","Selectors":[{"Name":"Content-Encoding","Value":"gzip","Quality":"0.000654022237"}],"ResponseHeaders":[{"Name":"Cache-Control","Value":"max-age=31536000, immutable"},{"Name":"Content-Encoding","Value":"gzip"},{"Name":"Content-Length","Value":"1528"},{"Name":"Content-Type","Value":"text/javascript"},{"Name":"ETag","Value":"\"0LGVUe7gx51Y3QAihm/fAEJJkgMsHggqhTWwGvmZiks=\""},{"Name":"Last-Modified","Value":"Fri, 27 Feb 2026 17:17:01 GMT"},{"Name":"Vary","Value":"Accept-Encoding"}],"EndpointProperties":[{"Name":"fingerprint","Value":"jsxv3ik8gs"},{"Name":"integrity","Value":"sha256-02cC4pRTQnpd43/cmJTqaPmQVfrzR88s4Bqisrx8z/Q="},{"Name":"label","Value":"Archuskha-Web.js"},{"Name":"original-resource","Value":"\"02cC4pRTQnpd43/cmJTqaPmQVfrzR88s4Bqisrx8z/Q=\""}]},{"Route":"Archuskha-Web.jsxv3ik8gs.js","AssetFile":"Archuskha-Web.js.br","Selectors":[{"Name":"Content-Encoding","Value":"br","Quality":"0.000755857899"}],"ResponseHeaders":[{"Name":"Cache-Control","Value":"max-age=31536000, immutable"},{"Name":"Content-Encoding","Value":"br"},{"Name":"Content-Length","Value":"1322"},{"Name":"Content-Type","Value":"text/javascript"},{"Name":"ETag","Value":"\"x6VE6Qa45MWw6KU0w7GOPrsniMpxC/MvMjcWGYMVRVw=\""},{"Name":"Last-Modified","Value":"Fri, 27 Feb 2026 17:17:01 GMT"},{"Name":"Vary","Value":"Accept-Encoding"}],"EndpointProperties":[{"Name":"fingerprint","Value":"jsxv3ik8gs"},{"Name":"integrity","Value":"sha256-02cC4pRTQnpd43/cmJTqaPmQVfrzR88s4Bqisrx8z/Q="},{"Name":"label","Value":"Archuskha-Web.js"},{"Name":"original-resource","Value":"\"02cC4pRTQnpd43/cmJTqaPmQVfrzR88s4Bqisrx8z/Q=\""}]},{"Route":"Archuskha-Web.jsxv3ik8gs.js","AssetFile":"Archuskha-Web.js","Selectors":[],"ResponseHeaders":[{"Name":"Cache-Control","Value":"max-age=31536000, immutable"},{"Name":"Content-Length","Value":"6048"},{"Name":"Content-Type","Value":"text/javascript"},{"Name":"ETag","Value":"\"02cC4pRTQnpd43/cmJTqaPmQVfrzR88s4Bqisrx8z/Q=\""},{"Name":"Last-Modified","Value":"Fri, 27 Feb 2026 17:08:04 GMT"},{"Name":"Vary","Value":"Accept-Encoding"}],"EndpointProperties":[{"Name":"fingerprint","Value":"jsxv3ik8gs"},{"Name":"integrity","Value":"sha256-02cC4pRTQnpd43/cmJTqaPmQVfrzR88s4Bqisrx8z/Q="},{"Name":"label","Value":"Archuskha-Web.js"}]},{"Route":"Archuskha-Web.jsxv3ik8gs.js.br","AssetFile":"Archuskha-Web.js.br","Selectors":[],"ResponseHeaders":[{"Name":"Cache-Control","Value":"max-age=31536000, immutable"},{"Name":"Content-Encoding","Value":"br"},{"Name":"Content-Length","Value":"1322"},{"Name":"Content-Type","Value":"text/javascript"},{"Name":"ETag","Value":"\"x6VE6Qa45MWw6KU0w7GOPrsniMpxC/MvMjcWGYMVRVw=\""},{"Name":"Last-Modified","Value":"Fri, 27 Feb 2026 17:17:01 GMT"},{"Name":"Vary","Value":"Accept-Encoding"}],"EndpointProperties":[{"Name":"fingerprint","Value":"jsxv3ik8gs"},{"Name":"integrity","Value":"sha256-x6VE6Qa45MWw6KU0w7GOPrsniMpxC/MvMjcWGYMVRVw="},{"Name":"label","Value":"Archuskha-Web.js.br"}]},{"Route":"Archuskha-Web.jsxv3ik8gs.js.gz","AssetFile":"Archuskha-Web.js.gz","Selectors":[],"ResponseHeaders":[{"Name":"Cache-Control","Value":"max-age=31536000, immutable"},{"Name":"Content-Encoding","Value":"gzip"},{"Name":"Content-Length","Value":"1528"},{"Name":"Content-Type","Value":"text/javascript"},{"Name":"ETag","Value":"\"0LGVUe7gx51Y3QAihm/fAEJJkgMsHggqhTWwGvmZiks=\""},{"Name":"Last-Modified","Value":"Fri, 27 Feb 2026 17:17:01 GMT"},{"Name":"Vary","Value":"Accept-Encoding"}],"EndpointProperties":[{"Name":"fingerprint","Value":"jsxv3ik8gs"},{"Name":"integrity","Value":"sha256-0LGVUe7gx51Y3QAihm/fAEJJkgMsHggqhTWwGvmZiks="},{"Name":"label","Value":"Archuskha-Web.js.gz"}]},{"Route":"Archuskha-Web.ultxqf3lrp.css","AssetFile":"Archuskha-Web.css.br","Selectors":[{"Name":"Content-Encoding","Value":"br","Quality":"0.001226993865"}],"ResponseHeaders":[{"Name":"Cache-Control","Value":"max-age=31536000, immutable"},{"Name":"Content-Encoding","Value":"br"},{"Name":"Content-Length","Value":"814"},{"Name":"Content-Type","Value":"text/css"},{"Name":"ETag","Value":"\"ZSzEaDoq9tflNvZ/EGgQwINdHdTNdNE0h+2Vmg4eEMc=\""},{"Name":"Last-Modified","Value":"Fri, 27 Feb 2026 17:17:01 GMT"},{"Name":"Vary","Value":"Accept-Encoding"}],"EndpointProperties":[{"Name":"fingerprint","Value":"ultxqf3lrp"},{"Name":"integrity","Value":"sha256-Inq530Q1vABL9ZafxSBJNnaib9yOgCZmqNU5iBHeLCw="},{"Name":"label","Value":"Archuskha-Web.css"},{"Name":"original-resource","Value":"\"Inq530Q1vABL9ZafxSBJNnaib9yOgCZmqNU5iBHeLCw=\""}]},{"Route":"Archuskha-Web.ultxqf3lrp.css","AssetFile":"Archuskha-Web.css.gz","Selectors":[{"Name":"Content-Encoding","Value":"gzip","Quality":"0.001012145749"}],"ResponseHeaders":[{"Name":"Cache-Control","Value":"max-age=31536000, immutable"},{"Name":"Content-Encoding","Value":"gzip"},{"Name":"Content-Length","Value":"987"},{"Name":"Content-Type","Value":"text/css"},{"Name":"ETag","Value":"\"VrfRjZorqTEfN2laWOT7+amBsYaptniQNpyAbyYhiro=\""},{"Name":"Last-Modified","Value":"Fri, 27 Feb 2026 17:17:01 GMT"},{"Name":"Vary","Value":"Accept-Encoding"}],"EndpointProperties":[{"Name":"fingerprint","Value":"ultxqf3lrp"},{"Name":"integrity","Value":"sha256-Inq530Q1vABL9ZafxSBJNnaib9yOgCZmqNU5iBHeLCw="},{"Name":"label","Value":"Archuskha-Web.css"},{"Name":"original-resource","Value":"\"Inq530Q1vABL9ZafxSBJNnaib9yOgCZmqNU5iBHeLCw=\""}]},{"Route":"Archuskha-Web.ultxqf3lrp.css","AssetFile":"Archuskha-Web.css","Selectors":[],"ResponseHeaders":[{"Name":"Cache-Control","Value":"max-age=31536000, immutable"},{"Name":"Content-Length","Value":"2702"},{"Name":"Content-Type","Value":"text/css"},{"Name":"ETag","Value":"\"Inq530Q1vABL9ZafxSBJNnaib9yOgCZmqNU5iBHeLCw=\""},{"Name":"Last-Modified","Value":"Fri, 27 Feb 2026 17:15:30 GMT"},{"Name":"Vary","Value":"Accept-Encoding"}],"EndpointProperties":[{"Name":"fingerprint","Value":"ultxqf3lrp"},{"Name":"integrity","Value":"sha256-Inq530Q1vABL9ZafxSBJNnaib9yOgCZmqNU5iBHeLCw="},{"Name":"label","Value":"Archuskha-Web.css"}]},{"Route":"Archuskha-Web.ultxqf3lrp.css.br","AssetFile":"Archuskha-Web.css.br","Selectors":[],"ResponseHeaders":[{"Name":"Cache-Control","Value":"max-age=31536000, immutable"},{"Name":"Content-Encoding","Value":"br"},{"Name":"Content-Length","Value":"814"},{"Name":"Content-Type","Value":"text/css"},{"Name":"ETag","Value":"\"ZSzEaDoq9tflNvZ/EGgQwINdHdTNdNE0h+2Vmg4eEMc=\""},{"Name":"Last-Modified","Value":"Fri, 27 Feb 2026 17:17:01 GMT"},{"Name":"Vary","Value":"Accept-Encoding"}],"EndpointProperties":[{"Name":"fingerprint","Value":"ultxqf3lrp"},{"Name":"integrity","Value":"sha256-ZSzEaDoq9tflNvZ/EGgQwINdHdTNdNE0h+2Vmg4eEMc="},{"Name":"label","Value":"Archuskha-Web.css.br"}]},{"Route":"Archuskha-Web.ultxqf3lrp.css.gz","AssetFile":"Archuskha-Web.css.gz","Selectors":[],"ResponseHeaders":[{"Name":"Cache-Control","Value":"max-age=31536000, immutable"},{"Name":"Content-Encoding","Value":"gzip"},{"Name":"Content-Length","Value":"987"},{"Name":"Content-Type","Value":"text/css"},{"Name":"ETag","Value":"\"VrfRjZorqTEfN2laWOT7+amBsYaptniQNpyAbyYhiro=\""},{"Name":"Last-Modified","Value":"Fri, 27 Feb 2026 17:17:01 GMT"},{"Name":"Vary","Value":"Accept-Encoding"}],"EndpointProperties":[{"Name":"fingerprint","Value":"ultxqf3lrp"},{"Name":"integrity","Value":"sha256-VrfRjZorqTEfN2laWOT7+amBsYaptniQNpyAbyYhiro="},{"Name":"label","Value":"Archuskha-Web.css.gz"}]}]}